name,image_url,price,category_id
Adjustable Skipping Rope,http://dummyimage.com/172x100.png/cc0000/ffffff,12.99,1
Almond Milk Yogurt,http://dummyimage.com/234x100.png/ff4444/ffffff,1.99,3
Electric Griddle with Lid,http://dummyimage.com/103x100.png/dddddd/000000,49.99,3
Underwater Camera,http://dummyimage.com/111x100.png/5fa2dd/ffffff,199.99,4
Stuffed Grape Leaves,http://dummyimage.com/192x100.png/ff4444/ffffff,5.79,4
Cocktail Shaker Set,http://dummyimage.com/153x100.png/ff4444/ffffff,29.99,3
Portable Air Purifier,http://dummyimage.com/110x100.png/5fa2dd/ffffff,69.99,1
Mushrooms,http://dummyimage.com/235x100.png/cc0000/ffffff,2.99,4
Solar Garden Lights,http://dummyimage.com/117x100.png/5fa2dd/ffffff,39.99,3
Barbecue Chicken Pizza,http://dummyimage.com/179x100.png/cc0000/ffffff,8.99,3
Portable Leaf Blower,http://dummyimage.com/116x100.png/dddddd/000000,149.99,1
Frozen Salmon Filets,http://dummyimage.com/126x100.png/5fa2dd/ffffff,12.99,3
Chopping Board,http://dummyimage.com/151x100.png/dddddd/000000,29.99,4
Arcade Game Machine,http://dummyimage.com/153x100.png/dddddd/000000,299.99,4
Kids' Educational Tablet,http://dummyimage.com/155x100.png/ff4444/ffffff,129.99,1
Silicone Baking Molds,http://dummyimage.com/166x100.png/5fa2dd/ffffff,15.99,4
Coconut Curry Lentil Soup,http://dummyimage.com/113x100.png/cc0000/ffffff,3.99,4
Teriyaki Beef Strips,http://dummyimage.com/204x100.png/ff4444/ffffff,7.49,3
Coconut Macaroons,http://dummyimage.com/192x100.png/ff4444/ffffff,4.99,4
Folding Exercise Bike,http://dummyimage.com/226x100.png/ff4444/ffffff,199.99,1
Vanilla Bean Greek Yogurt,http://dummyimage.com/166x100.png/dddddd/000000,1.99,1
Ice Cream,http://dummyimage.com/242x100.png/dddddd/000000,5.99,4
Smart Scale,http://dummyimage.com/141x100.png/ff4444/ffffff,59.99,4
Artisan Bread,http://dummyimage.com/174x100.png/5fa2dd/ffffff,4.59,4
Almond Flour Pancake Mix,http://dummyimage.com/129x100.png/ff4444/ffffff,5.99,3
Dried Fruit Medley,http://dummyimage.com/210x100.png/ff4444/ffffff,5.49,1
Deep Tissue Massage Gun,http://dummyimage.com/129x100.png/dddddd/000000,89.99,3
Adjustable Laptop Desk,http://dummyimage.com/224x100.png/cc0000/ffffff,59.99,4
Quinoa & Black Bean Salad,http://dummyimage.com/164x100.png/cc0000/ffffff,7.49,3
Kids' Learning Tablet,http://dummyimage.com/136x100.png/5fa2dd/ffffff,129.99,3
Fitness Tracker Band,http://dummyimage.com/161x100.png/dddddd/000000,29.99,3
Black Olives,http://dummyimage.com/174x100.png/ff4444/ffffff,1.99,4
Turkey Bacon,http://dummyimage.com/173x100.png/5fa2dd/ffffff,3.99,4
Mango Chunks,http://dummyimage.com/145x100.png/ff4444/ffffff,4.89,1
Slingback Sandals,http://dummyimage.com/214x100.png/dddddd/000000,29.99,1
Laptop Backpack,http://dummyimage.com/108x100.png/5fa2dd/ffffff,69.99,4
Repair Tool Set for Home Improvement,http://dummyimage.com/169x100.png/dddddd/000000,29.99,3
Wireless Wi-Fi Extender,http://dummyimage.com/111x100.png/5fa2dd/ffffff,49.99,4
Roasted Red Pepper Hummus,http://dummyimage.com/244x100.png/dddddd/000000,3.49,3
Two-Tone Windbreaker,http://dummyimage.com/188x100.png/cc0000/ffffff,59.99,4
Mediterranean Couscous,http://dummyimage.com/159x100.png/cc0000/ffffff,3.59,4
Italian Sausage Links,http://dummyimage.com/209x100.png/cc0000/ffffff,5.99,4
Luxe Velvet Blazer,http://dummyimage.com/130x100.png/5fa2dd/ffffff,89.99,3
Oven-Baked Cheese Crisps,http://dummyimage.com/186x100.png/cc0000/ffffff,3.99,3
Cork Yoga Mat,http://dummyimage.com/107x100.png/cc0000/ffffff,39.99,4
Portable Electric Fan,http://dummyimage.com/123x100.png/cc0000/ffffff,24.99,1
Blender Bottle,http://dummyimage.com/144x100.png/ff4444/ffffff,12.99,3
Kale and Quinoa Salad,http://dummyimage.com/203x100.png/dddddd/000000,6.49,4
Pet Bed with Removable Cover,http://dummyimage.com/103x100.png/ff4444/ffffff,49.99,1
Zesty Garlic Hummus,http://dummyimage.com/184x100.png/5fa2dd/ffffff,3.99,4
Wrist Support Brace,http://dummyimage.com/138x100.png/dddddd/000000,19.99,3
Vegetable Lasagna,http://dummyimage.com/128x100.png/cc0000/ffffff,6.99,3
Survival Gear Kit,http://dummyimage.com/184x100.png/dddddd/000000,59.99,3
Honey,http://dummyimage.com/182x100.png/dddddd/000000,5.49,3
Vintage Button-Down Shirt,http://dummyimage.com/201x100.png/5fa2dd/ffffff,45.99,4
Mini Indoor Hydroponic Garden,http://dummyimage.com/127x100.png/cc0000/ffffff,59.99,1
Portable Massage Table,http://dummyimage.com/235x100.png/dddddd/000000,199.99,3
Digital Food Thermometer,http://dummyimage.com/249x100.png/dddddd/000000,19.99,4
Pet Tracking Collar,http://dummyimage.com/187x100.png/dddddd/000000,59.99,3
Smart Water Bottle,http://dummyimage.com/248x100.png/dddddd/000000,39.99,3
Cheddar Cheese Crackers,http://dummyimage.com/102x100.png/cc0000/ffffff,2.29,4
Mechanical Pencil Set,http://dummyimage.com/123x100.png/ff4444/ffffff,19.99,4
Peach Slices (canned),http://dummyimage.com/196x100.png/dddddd/000000,2.49,3
Blueberry Chia Jam,http://dummyimage.com/107x100.png/5fa2dd/ffffff,4.99,3
Tea Set with Infuser,http://dummyimage.com/198x100.png/dddddd/000000,34.99,3
Hot Salsa,http://dummyimage.com/121x100.png/cc0000/ffffff,2.29,3
Fleece Throw Blanket,http://dummyimage.com/123x100.png/dddddd/000000,29.99,4
Smartphone Projector Kit,http://dummyimage.com/205x100.png/cc0000/ffffff,24.99,1
Granola Cereal,http://dummyimage.com/194x100.png/ff4444/ffffff,4.49,4
Handcrafted Wooden Coasters,http://dummyimage.com/193x100.png/ff4444/ffffff,19.99,4
Window A/C Unit,http://dummyimage.com/107x100.png/dddddd/000000,299.99,4
Portable Dog Water Bottle,http://dummyimage.com/176x100.png/cc0000/ffffff,18.99,4
Pet Leash,http://dummyimage.com/123x100.png/dddddd/000000,15.99,3
Portable Hammock Swing,http://dummyimage.com/170x100.png/dddddd/000000,59.99,3
Memory Foam Mattress Pad,http://dummyimage.com/182x100.png/dddddd/000000,69.99,4
Artisan Cornbread Mix,http://dummyimage.com/249x100.png/dddddd/000000,2.49,3
High-Top Leather Boots,http://dummyimage.com/208x100.png/cc0000/ffffff,99.99,1
Car Emergency Kit,http://dummyimage.com/145x100.png/ff4444/ffffff,49.99,1
Almond Butter Cookies,http://dummyimage.com/128x100.png/5fa2dd/ffffff,4.49,4
Teriyaki Chicken Stir-Fry,http://dummyimage.com/188x100.png/dddddd/000000,6.99,3
Lockable Bicycle Chain,http://dummyimage.com/144x100.png/cc0000/ffffff,19.99,1
Peanut Butter Pretzel Bites,http://dummyimage.com/235x100.png/dddddd/000000,4.19,3
Stylish Wide-Leg Trousers,http://dummyimage.com/184x100.png/dddddd/000000,59.99,4
Peach Green Tea,http://dummyimage.com/237x100.png/cc0000/ffffff,3.49,3
Honey Mustard Sauce,http://dummyimage.com/127x100.png/ff4444/ffffff,3.29,4
Chocolate Chip Energy Balls,http://dummyimage.com/199x100.png/5fa2dd/ffffff,3.99,3
Electric Heat Press Machine,http://dummyimage.com/220x100.png/cc0000/ffffff,99.99,4
Garden Hose Reel,http://dummyimage.com/166x100.png/5fa2dd/ffffff,49.99,3
Plant Growing Kit,http://dummyimage.com/187x100.png/dddddd/000000,22.99,4
Almond Milk Yogurt,http://dummyimage.com/233x100.png/5fa2dd/ffffff,1.99,4
Kettle Corn Popcorn,http://dummyimage.com/227x100.png/cc0000/ffffff,2.99,3
Maple Cinnamon Granola,http://dummyimage.com/188x100.png/ff4444/ffffff,4.29,3
Watering Can with Nozzle,http://dummyimage.com/198x100.png/cc0000/ffffff,19.99,3
Rice Noodles,http://dummyimage.com/129x100.png/ff4444/ffffff,3.49,3
Compact Hair Dryer,http://dummyimage.com/171x100.png/cc0000/ffffff,29.99,1
Children's Science Experiment Lab Kit,http://dummyimage.com/233x100.png/dddddd/000000,29.99,4
Smoked Gouda Cheese,http://dummyimage.com/146x100.png/5fa2dd/ffffff,5.49,4
Greek Yogurt,http://dummyimage.com/216x100.png/cc0000/ffffff,1.99,1
Dried Apricots,http://dummyimage.com/227x100.png/cc0000/ffffff,3.79,1
LED Camping Lantern with USB Charging,http://dummyimage.com/123x100.png/ff4444/ffffff,34.99,3
Grass Fed Beef Patties,http://dummyimage.com/100x100.png/cc0000/ffffff,9.99,1
Non-Slip Yoga Socks,http://dummyimage.com/151x100.png/5fa2dd/ffffff,12.99,4
Natural Soy Candles,http://dummyimage.com/110x100.png/cc0000/ffffff,19.99,1
Bamboo Toothbrush Holder,http://dummyimage.com/149x100.png/ff4444/ffffff,14.99,3
Reusable Silicone Food Storage Bags,http://dummyimage.com/178x100.png/dddddd/000000,19.99,4
Sweet Potato Mash,http://dummyimage.com/169x100.png/5fa2dd/ffffff,3.99,3
Peanut Butter Chocolate Clusters,http://dummyimage.com/231x100.png/dddddd/000000,2.99,3
Cream Cheese,http://dummyimage.com/220x100.png/dddddd/000000,2.69,1
Dishwasher Safe Cutting Board,http://dummyimage.com/131x100.png/dddddd/000000,22.99,4
Almond Butter Crunch Bar,http://dummyimage.com/190x100.png/cc0000/ffffff,1.99,3
Pumpkin Seeds,http://dummyimage.com/194x100.png/5fa2dd/ffffff,2.79,3
Jalape√±o Cornbread,http://dummyimage.com/175x100.png/ff4444/ffffff,3.29,1
Thai Green Curry Paste,http://dummyimage.com/249x100.png/ff4444/ffffff,2.49,3
Pasta Maker,http://dummyimage.com/217x100.png/5fa2dd/ffffff,39.00,4
Spicy Garlic Edamame,http://dummyimage.com/141x100.png/5fa2dd/ffffff,3.99,1
Foam Building Blocks for Kids,http://dummyimage.com/169x100.png/ff4444/ffffff,22.99,4
Granulated Sugar,http://dummyimage.com/175x100.png/dddddd/000000,2.49,3
Baking Powder,http://dummyimage.com/135x100.png/5fa2dd/ffffff,1.79,1
Laptop Stand,http://dummyimage.com/169x100.png/ff4444/ffffff,29.99,4
Electric Hot Pot,http://dummyimage.com/166x100.png/cc0000/ffffff,49.99,4
Adjustable Laptop Desk,http://dummyimage.com/108x100.png/cc0000/ffffff,59.99,1
Jennifer's Amazing Lip Balm Kit,http://dummyimage.com/235x100.png/ff4444/ffffff,22.99,1
Cabbage,http://dummyimage.com/209x100.png/dddddd/000000,1.29,4
Fitness Resistance Bands,http://dummyimage.com/182x100.png/dddddd/000000,29.99,1
High-Low Hem Tee,http://dummyimage.com/238x100.png/ff4444/ffffff,22.99,3
Leather Notebook Cover,http://dummyimage.com/202x100.png/5fa2dd/ffffff,29.99,3
Thai Coconut Curry Sauce,http://dummyimage.com/102x100.png/cc0000/ffffff,3.99,4
Organic Green Apples,http://dummyimage.com/126x100.png/dddddd/000000,1.49,4
Teriyaki Chicken Wings,http://dummyimage.com/104x100.png/5fa2dd/ffffff,10.99,4
Wrap Front Midi Skirt,http://dummyimage.com/211x100.png/ff4444/ffffff,44.99,1
Strawberry Banana Smoothie Pack,http://dummyimage.com/192x100.png/dddddd/000000,4.99,1
Electric Milk Frother,http://dummyimage.com/132x100.png/5fa2dd/ffffff,19.99,4
Pet Bed,http://dummyimage.com/117x100.png/dddddd/000000,39.99,1
Caramel Sauce,http://dummyimage.com/219x100.png/cc0000/ffffff,3.49,3
Mini Meatballs,http://dummyimage.com/237x100.png/5fa2dd/ffffff,5.99,4
Beef Tacos,http://dummyimage.com/131x100.png/5fa2dd/ffffff,5.49,1
Bock Beer Mustard,http://dummyimage.com/211x100.png/dddddd/000000,2.29,1
Compact Portable Grill,http://dummyimage.com/208x100.png/5fa2dd/ffffff,79.99,1
Coffee Capsule Dispenser,http://dummyimage.com/158x100.png/cc0000/ffffff,24.99,4
Sesame Oil,http://dummyimage.com/119x100.png/ff4444/ffffff,3.99,3
LED Canopy Lights,http://dummyimage.com/245x100.png/cc0000/ffffff,29.99,1
Wi-Fi Enabled Smart Light Switch,http://dummyimage.com/228x100.png/dddddd/000000,24.99,3
Electric Knife,http://dummyimage.com/201x100.png/cc0000/ffffff,39.99,3
Ginger Turmeric Tea,http://dummyimage.com/233x100.png/ff4444/ffffff,3.49,1
Cotton Tote Bag Set,http://dummyimage.com/156x100.png/dddddd/000000,29.99,4
Portable Air Compressor,http://dummyimage.com/126x100.png/cc0000/ffffff,44.99,1
Creamy Garlic Mashed Potatoes,http://dummyimage.com/115x100.png/cc0000/ffffff,3.99,4
Outdoor Adventure Backpack,http://dummyimage.com/117x100.png/dddddd/000000,59.99,4
Balsamic Vinaigrette,http://dummyimage.com/136x100.png/ff4444/ffffff,2.69,1
Portable Solar Phone Charger,http://dummyimage.com/218x100.png/ff4444/ffffff,29.99,1
Customizable Wall Calendar,http://dummyimage.com/100x100.png/ff4444/ffffff,24.99,4
Customizable Name Puzzle,http://dummyimage.com/216x100.png/cc0000/ffffff,29.99,1
Chili Lime Seasoning,http://dummyimage.com/158x100.png/5fa2dd/ffffff,2.99,3
Almond Butter Cups,http://dummyimage.com/123x100.png/5fa2dd/ffffff,3.29,3
Cold Brew Coffee Maker,http://dummyimage.com/128x100.png/ff4444/ffffff,34.99,3
Spicy Garlic Edamame,http://dummyimage.com/129x100.png/5fa2dd/ffffff,3.99,1
Ice Cream,http://dummyimage.com/151x100.png/ff4444/ffffff,5.99,3
Strawberry Rhubarb Jam,http://dummyimage.com/130x100.png/5fa2dd/ffffff,4.29,1
Handmade Leather Journal,http://dummyimage.com/105x100.png/5fa2dd/ffffff,39.99,3
Strawberry Fruit Spread,http://dummyimage.com/171x100.png/ff4444/ffffff,3.59,4
Californian Raisins,http://dummyimage.com/203x100.png/cc0000/ffffff,3.19,1
Buffalo Stilton Cheese,http://dummyimage.com/194x100.png/5fa2dd/ffffff,8.99,4
Lasagna Noodles,http://dummyimage.com/102x100.png/ff4444/ffffff,1.89,1
Digital Wireless Meat Thermometer,http://dummyimage.com/163x100.png/cc0000/ffffff,39.99,1
Eco-Friendly Yoga Mat,http://dummyimage.com/194x100.png/dddddd/000000,39.99,3
Granola Bars,http://dummyimage.com/189x100.png/ff4444/ffffff,4.99,3
Camping Chair with Cooler,http://dummyimage.com/198x100.png/5fa2dd/ffffff,49.99,3
Bamboo Memory Foam Pillow,http://dummyimage.com/142x100.png/ff4444/ffffff,34.99,3
Travel Mug,http://dummyimage.com/123x100.png/dddddd/000000,18.99,1
Coconut Oil,http://dummyimage.com/190x100.png/ff4444/ffffff,6.49,4
Pet Carrier Backpack,http://dummyimage.com/150x100.png/cc0000/ffffff,39.99,3
Induction Cooktop,http://dummyimage.com/103x100.png/cc0000/ffffff,89.99,1
Raspberry Lemonade Mix,http://dummyimage.com/202x100.png/5fa2dd/ffffff,3.99,3
Ice Cube Tray with Lid,http://dummyimage.com/148x100.png/cc0000/ffffff,10.99,4
French Bread,http://dummyimage.com/228x100.png/cc0000/ffffff,2.49,1
Outdoor Folding Table,http://dummyimage.com/122x100.png/ff4444/ffffff,39.99,4
Ice Cream Maker,http://dummyimage.com/221x100.png/ff4444/ffffff,79.99,4
Canned Sardines,http://dummyimage.com/159x100.png/5fa2dd/ffffff,3.29,3
Pineapple Coconut Yogurt,http://dummyimage.com/171x100.png/5fa2dd/ffffff,4.49,1
Shoe Organizer,http://dummyimage.com/230x100.png/dddddd/000000,39.99,1
Car Trash Can,http://dummyimage.com/165x100.png/5fa2dd/ffffff,12.99,4
Magnetic Phone Case,http://dummyimage.com/134x100.png/cc0000/ffffff,19.99,1
Herb-Infused Olive Oil,http://dummyimage.com/132x100.png/ff4444/ffffff,8.99,4
Maple Oatmeal,http://dummyimage.com/132x100.png/cc0000/ffffff,2.99,3
BBQ Jackfruit,http://dummyimage.com/213x100.png/dddddd/000000,4.29,3
Ripped Boyfriend Jeans,http://dummyimage.com/238x100.png/cc0000/ffffff,54.99,3
Incense Holder,http://dummyimage.com/161x100.png/ff4444/ffffff,14.99,3
Tuna Fish (canned),http://dummyimage.com/226x100.png/5fa2dd/ffffff,2.29,1
Teriyaki Beef Strips,http://dummyimage.com/194x100.png/cc0000/ffffff,7.49,4
Camping Lantern,http://dummyimage.com/189x100.png/ff4444/ffffff,34.99,3
Acoustic Guitar,http://dummyimage.com/109x100.png/cc0000/ffffff,199.99,3
Energy Protein Bars,http://dummyimage.com/139x100.png/ff4444/ffffff,2.29,4
Bamboo Cutting Board,http://dummyimage.com/215x100.png/dddddd/000000,22.00,3
Creamy Garlic Dressing,http://dummyimage.com/233x100.png/dddddd/000000,3.99,3
Electric Pressure Washer,http://dummyimage.com/235x100.png/5fa2dd/ffffff,199.99,3
Rolling Cooler,http://dummyimage.com/209x100.png/ff4444/ffffff,59.99,1
Beef Taco Skillet,http://dummyimage.com/232x100.png/cc0000/ffffff,8.49,1
Creative Puzzle Game,http://dummyimage.com/240x100.png/dddddd/000000,19.99,1
Spaghetti and Meatball Dinner Kit,http://dummyimage.com/120x100.png/cc0000/ffffff,7.99,1
Smartphone Photography Tripod,http://dummyimage.com/175x100.png/dddddd/000000,29.99,4
Sesame Garlic Stir-Fry Sauce,http://dummyimage.com/195x100.png/dddddd/000000,2.79,3
Ranch Dressing,http://dummyimage.com/123x100.png/dddddd/000000,2.59,1
Organic Quinoa Chips,http://dummyimage.com/193x100.png/dddddd/000000,3.99,3
Ginger Turmeric Latte Mix,http://dummyimage.com/151x100.png/5fa2dd/ffffff,5.29,1
Cheese Stuffed Jalapenos,http://dummyimage.com/188x100.png/cc0000/ffffff,5.99,1
Greek Yogurt Parfait,http://dummyimage.com/115x100.png/ff4444/ffffff,4.49,4
Gardening Gloves with Claws,http://dummyimage.com/173x100.png/cc0000/ffffff,24.99,1
Window Bird Feeder,http://dummyimage.com/132x100.png/ff4444/ffffff,19.99,1
Chickpea Pasta,http://dummyimage.com/220x100.png/5fa2dd/ffffff,4.19,4
Ergonomic Gaming Chair,http://dummyimage.com/150x100.png/ff4444/ffffff,199.99,3
Apricot Jam,http://dummyimage.com/221x100.png/cc0000/ffffff,4.29,1
Mini Pretzels,http://dummyimage.com/249x100.png/dddddd/000000,2.99,3
Deep Tissue Massage Gun,http://dummyimage.com/220x100.png/cc0000/ffffff,89.99,3
Laundry Detergent,http://dummyimage.com/220x100.png/dddddd/000000,12.99,4
Vanilla Almond Granola,http://dummyimage.com/218x100.png/dddddd/000000,4.29,1
Ceramic Cookware Set,http://dummyimage.com/208x100.png/5fa2dd/ffffff,179.99,3
Cinnamon Sugar Popcorn,http://dummyimage.com/149x100.png/ff4444/ffffff,2.89,1
Casual Long Cardigan,http://dummyimage.com/146x100.png/ff4444/ffffff,45.99,4
Mushrooms,http://dummyimage.com/205x100.png/cc0000/ffffff,2.99,3
Wireless Charger,http://dummyimage.com/170x100.png/dddddd/000000,24.99,1
Kids' Learning Tablet,http://dummyimage.com/140x100.png/dddddd/000000,129.99,3
Mushrooms,http://dummyimage.com/179x100.png/cc0000/ffffff,2.99,4
Reusable Coffee Filter,http://dummyimage.com/196x100.png/ff4444/ffffff,10.99,4
Sriracha Hot Chili Sauce,http://dummyimage.com/121x100.png/ff4444/ffffff,2.99,1
Organic Quinoa,http://dummyimage.com/241x100.png/ff4444/ffffff,4.29,3
Smoked Paprika Chicken Thighs,http://dummyimage.com/159x100.png/ff4444/ffffff,6.99,4
Lentil Pasta,http://dummyimage.com/140x100.png/cc0000/ffffff,4.99,3
Camera Tripod,http://dummyimage.com/108x100.png/5fa2dd/ffffff,49.99,3
Electric Bike,http://dummyimage.com/143x100.png/ff4444/ffffff,899.99,1
Interactive Plush Toy,http://dummyimage.com/125x100.png/5fa2dd/ffffff,34.99,1
Stainless Steel Grater,http://dummyimage.com/165x100.png/5fa2dd/ffffff,14.99,4
Window Blinds,http://dummyimage.com/126x100.png/ff4444/ffffff,59.99,4
Potato Wedge Seasoning,http://dummyimage.com/150x100.png/5fa2dd/ffffff,2.49,3
Glass Food Containers,http://dummyimage.com/172x100.png/cc0000/ffffff,34.99,3
Cajun Seasoning,http://dummyimage.com/226x100.png/5fa2dd/ffffff,1.99,1
Collapsible Storage Crates,http://dummyimage.com/101x100.png/ff4444/ffffff,18.99,3
Eco-Friendly Beeswax Wraps,http://dummyimage.com/211x100.png/cc0000/ffffff,14.99,1
Plant Growing Kit,http://dummyimage.com/172x100.png/ff4444/ffffff,22.99,1
Spicy Tuna Rolls,http://dummyimage.com/121x100.png/dddddd/000000,6.49,4
Hand Crank Blender,http://dummyimage.com/229x100.png/5fa2dd/ffffff,18.99,3
LED Camping Lantern with USB Charging,http://dummyimage.com/199x100.png/dddddd/000000,34.99,3
Beef Chili,http://dummyimage.com/188x100.png/cc0000/ffffff,4.50,4
Waffle Maker,http://dummyimage.com/154x100.png/dddddd/000000,39.99,4
Chicken Breasts,http://dummyimage.com/246x100.png/cc0000/ffffff,9.99,3
Tailored Dress Pants,http://dummyimage.com/163x100.png/dddddd/000000,79.99,3
Sports Water Bottle with Infuser,http://dummyimage.com/203x100.png/cc0000/ffffff,19.99,4
Portable Massage Table,http://dummyimage.com/177x100.png/cc0000/ffffff,199.99,3
Rechargeable Battery Organizer,http://dummyimage.com/234x100.png/dddddd/000000,17.99,3
Hibiscus Herbal Tea,http://dummyimage.com/103x100.png/cc0000/ffffff,3.29,3
Vegetable Stir-Fry Kit,http://dummyimage.com/182x100.png/cc0000/ffffff,6.99,1
Adjustable Yoga Mat Strap,http://dummyimage.com/189x100.png/ff4444/ffffff,14.99,3
Banana Nut Muffins,http://dummyimage.com/194x100.png/ff4444/ffffff,4.49,3
Weighted Jump Rope,http://dummyimage.com/153x100.png/ff4444/ffffff,15.99,3
Vegan Chocolate Cake Mix,http://dummyimage.com/219x100.png/cc0000/ffffff,4.29,1
Guitar Tuner,http://dummyimage.com/156x100.png/cc0000/ffffff,19.99,4
Portable SSD,http://dummyimage.com/146x100.png/5fa2dd/ffffff,129.99,3
Chic Jumpsuit,http://dummyimage.com/242x100.png/cc0000/ffffff,89.99,3
Baby Monitor,http://dummyimage.com/169x100.png/5fa2dd/ffffff,79.99,3
Teriyaki Beef Jerky,http://dummyimage.com/175x100.png/ff4444/ffffff,5.49,1
Colorful Post-It Notes Set,http://dummyimage.com/171x100.png/dddddd/000000,9.99,4
Honey Glazed Carrots,http://dummyimage.com/161x100.png/dddddd/000000,3.49,3
Tennis Racket,http://dummyimage.com/145x100.png/cc0000/ffffff,89.99,3
Video Camera,http://dummyimage.com/238x100.png/cc0000/ffffff,199.00,3
Compact Refrigerator,http://dummyimage.com/159x100.png/dddddd/000000,199.99,3
Zucchini Noodle Pasta,http://dummyimage.com/212x100.png/cc0000/ffffff,3.99,1
Luxury Memory Foam Mattress Topper,http://dummyimage.com/107x100.png/ff4444/ffffff,129.99,4
Fresh Cilantro,http://dummyimage.com/118x100.png/ff4444/ffffff,1.49,4
Camping Tent,http://dummyimage.com/203x100.png/cc0000/ffffff,79.99,4
Memory Foam Pillow,http://dummyimage.com/235x100.png/cc0000/ffffff,39.99,4
Smartphone UV Sanitizer,http://dummyimage.com/132x100.png/ff4444/ffffff,39.99,4
Wooden Blocks,http://dummyimage.com/216x100.png/ff4444/ffffff,24.99,1
Sports Windbreaker,http://dummyimage.com/157x100.png/ff4444/ffffff,44.99,3
Bamboo Cutting Board Set,http://dummyimage.com/249x100.png/dddddd/000000,34.99,3
Frozen Salmon Filets,http://dummyimage.com/176x100.png/5fa2dd/ffffff,12.99,1
Sliced Provolone Cheese,http://dummyimage.com/158x100.png/cc0000/ffffff,3.99,1
Camping Tarp,http://dummyimage.com/131x100.png/5fa2dd/ffffff,32.99,1
Customizable Photo Calendar,http://dummyimage.com/112x100.png/5fa2dd/ffffff,19.99,4
Oven-Baked Parmesan Zucchini,http://dummyimage.com/153x100.png/5fa2dd/ffffff,4.99,1
Stainless Steel BBQ Grill Set,http://dummyimage.com/200x100.png/dddddd/000000,49.99,1
Pet Travel Bed,http://dummyimage.com/249x100.png/dddddd/000000,26.99,1
Portable Massage Table,http://dummyimage.com/183x100.png/ff4444/ffffff,199.99,4
Kids Tablet,http://dummyimage.com/133x100.png/dddddd/000000,129.99,3
Pretzel Bites,http://dummyimage.com/234x100.png/dddddd/000000,4.99,1
Car Sunshade,http://dummyimage.com/186x100.png/5fa2dd/ffffff,19.99,4
Incense Holder,http://dummyimage.com/142x100.png/dddddd/000000,14.99,1
Lemon Dill Salmon,http://dummyimage.com/197x100.png/cc0000/ffffff,9.99,3
Portable Massage Gun,http://dummyimage.com/126x100.png/ff4444/ffffff,79.99,3
Window Bird Feeder with Suction Cups,http://dummyimage.com/215x100.png/5fa2dd/ffffff,28.99,3
Safety Pin Dispenser,http://dummyimage.com/170x100.png/dddddd/000000,5.99,3
Blueberry Oatmeal Cups,http://dummyimage.com/226x100.png/ff4444/ffffff,3.29,3
Beef Taco Skillet,http://dummyimage.com/229x100.png/dddddd/000000,8.49,3
Spinach Pizza Rolls,http://dummyimage.com/127x100.png/dddddd/000000,4.99,4
Magnetic Screen Door,http://dummyimage.com/173x100.png/ff4444/ffffff,24.99,4
Athletic Jogging Jacket,http://dummyimage.com/239x100.png/5fa2dd/ffffff,49.99,1
Pet Safety Belt for Car,http://dummyimage.com/112x100.png/5fa2dd/ffffff,14.99,3
Folding Backpack Chair,http://dummyimage.com/213x100.png/5fa2dd/ffffff,49.99,3
Teriyaki Chicken Bowl,http://dummyimage.com/213x100.png/5fa2dd/ffffff,6.49,1
Honey Mustard Dip,http://dummyimage.com/149x100.png/dddddd/000000,3.29,4
Organic Cucumber,http://dummyimage.com/224x100.png/ff4444/ffffff,1.29,4
Pineapple Chunks (canned),http://dummyimage.com/226x100.png/ff4444/ffffff,2.29,1
Luxury Memory Foam Mattress Topper,http://dummyimage.com/138x100.png/cc0000/ffffff,129.99,4
Chipotle Sauce,http://dummyimage.com/132x100.png/ff4444/ffffff,3.29,4
Gardening Gloves with Claws,http://dummyimage.com/231x100.png/dddddd/000000,24.99,4
Cooking Utensil Set,http://dummyimage.com/134x100.png/5fa2dd/ffffff,24.99,1
Plant-Based Cookbook,http://dummyimage.com/202x100.png/dddddd/000000,29.99,3
Kale Chips,http://dummyimage.com/115x100.png/ff4444/ffffff,3.99,4
Savory Oats,http://dummyimage.com/103x100.png/dddddd/000000,2.49,4
Falafel Mix,http://dummyimage.com/114x100.png/dddddd/000000,2.79,3
Essential Oil Roller Bottles,http://dummyimage.com/172x100.png/cc0000/ffffff,19.99,3
Sustainable Wooden Toys,http://dummyimage.com/158x100.png/dddddd/000000,29.99,3
Camping Tent,http://dummyimage.com/130x100.png/5fa2dd/ffffff,79.99,3
Portable Bluetooth Speaker,http://dummyimage.com/126x100.png/dddddd/000000,49.99,4
Maple Bacon Potato Chips,http://dummyimage.com/129x100.png/cc0000/ffffff,2.89,1
Customizable Name Plate,http://dummyimage.com/203x100.png/ff4444/ffffff,19.99,3
Savory Pumpkin Soup,http://dummyimage.com/140x100.png/5fa2dd/ffffff,3.89,1
Lemon Zest Olive Oil,http://dummyimage.com/188x100.png/ff4444/ffffff,8.99,3
Portable Pet Water Bottle,http://dummyimage.com/108x100.png/ff4444/ffffff,18.99,4
Camping Lantern,http://dummyimage.com/168x100.png/dddddd/000000,34.99,1
Spicy Tuna Rolls,http://dummyimage.com/157x100.png/dddddd/000000,6.49,3
Graphic Print Leggings,http://dummyimage.com/193x100.png/cc0000/ffffff,29.99,1
Garlic Naan Bread,http://dummyimage.com/216x100.png/ff4444/ffffff,3.99,4
Apple Juice,http://dummyimage.com/110x100.png/cc0000/ffffff,3.29,4
Dishwasher Safe Cutting Board,http://dummyimage.com/135x100.png/cc0000/ffffff,22.99,4
Garlic Herb Grilled Chicken,http://dummyimage.com/226x100.png/ff4444/ffffff,8.99,1
Herb Seasoned Rice,http://dummyimage.com/152x100.png/5fa2dd/ffffff,2.99,3
Wireless Printer,http://dummyimage.com/178x100.png/cc0000/ffffff,99.99,4
Stylish Combat Boots,http://dummyimage.com/108x100.png/dddddd/000000,99.99,4
Teriyaki Sauce,http://dummyimage.com/233x100.png/5fa2dd/ffffff,2.99,3
Pet Safety Belt for Car,http://dummyimage.com/208x100.png/cc0000/ffffff,14.99,1
Wireless HDMI Transmitter,http://dummyimage.com/177x100.png/5fa2dd/ffffff,79.99,1
Portable Hand Warmer,http://dummyimage.com/132x100.png/cc0000/ffffff,24.99,1
Digital Wireless Meat Thermometer,http://dummyimage.com/213x100.png/5fa2dd/ffffff,39.99,1
Electric Griddle with Lid,http://dummyimage.com/185x100.png/5fa2dd/ffffff,49.99,4
Creamy Garlic Mashed Potatoes,http://dummyimage.com/212x100.png/5fa2dd/ffffff,3.99,4
Cinnamon Raisin Bagels,http://dummyimage.com/144x100.png/cc0000/ffffff,4.19,3
Magnetic Phone Case,http://dummyimage.com/235x100.png/5fa2dd/ffffff,19.99,3
French Bread,http://dummyimage.com/230x100.png/cc0000/ffffff,2.49,3
Vegetarian Stuffed Peppers,http://dummyimage.com/194x100.png/ff4444/ffffff,4.99,1
Mini Pretzels,http://dummyimage.com/230x100.png/cc0000/ffffff,2.99,3
Pumpkin Pancake Mix,http://dummyimage.com/191x100.png/ff4444/ffffff,4.19,1
Sunglasses,http://dummyimage.com/218x100.png/dddddd/000000,29.99,1
Lemon Lime Sparkling Water,http://dummyimage.com/224x100.png/cc0000/ffffff,1.99,1
Pet Water Bottle,http://dummyimage.com/167x100.png/5fa2dd/ffffff,18.99,4
Pet Hair Vacuum Attachment,http://dummyimage.com/145x100.png/5fa2dd/ffffff,14.99,4
Dog Training Whistle,http://dummyimage.com/127x100.png/dddddd/000000,8.99,3
Sweet Potato & Kale Hash,http://dummyimage.com/238x100.png/5fa2dd/ffffff,5.49,4
Portable Massage Table,http://dummyimage.com/224x100.png/ff4444/ffffff,199.99,1
Ice Pack,http://dummyimage.com/120x100.png/cc0000/ffffff,8.99,1
Spicy Avocado Salsa,http://dummyimage.com/209x100.png/5fa2dd/ffffff,4.49,1
Wi-Fi Enabled Smart Light Switch,http://dummyimage.com/178x100.png/dddddd/000000,24.99,1
Bamboo Cutting Board,http://dummyimage.com/193x100.png/ff4444/ffffff,22.00,4
Beef Sirloin Steak,http://dummyimage.com/142x100.png/ff4444/ffffff,15.99,1
Buffalo Chicken Dip,http://dummyimage.com/243x100.png/ff4444/ffffff,5.99,4
Portable Electric Fan,http://dummyimage.com/208x100.png/dddddd/000000,24.99,1
Coconut Milk,http://dummyimage.com/134x100.png/cc0000/ffffff,2.49,3
Inflatable Paddle Board,http://dummyimage.com/220x100.png/ff4444/ffffff,349.99,4
Heavy-Duty Utility Tote,http://dummyimage.com/213x100.png/dddddd/000000,34.99,3
Portable Pet Bathing Tool,http://dummyimage.com/165x100.png/dddddd/000000,29.99,3
Comfortable Bed Pillow,http://dummyimage.com/152x100.png/cc0000/ffffff,24.99,4
Honey Wheat Pretzels,http://dummyimage.com/161x100.png/dddddd/000000,3.49,4
Organic Coconut Water,http://dummyimage.com/103x100.png/cc0000/ffffff,2.79,1
Face Mask Set,http://dummyimage.com/138x100.png/5fa2dd/ffffff,19.99,3
Mushroom Soup (canned),http://dummyimage.com/188x100.png/ff4444/ffffff,2.49,4
Portable SSD,http://dummyimage.com/204x100.png/ff4444/ffffff,129.99,4
Electric Toothbrush Holder,http://dummyimage.com/123x100.png/5fa2dd/ffffff,14.99,3
Herb Seasoned Croutons,http://dummyimage.com/117x100.png/ff4444/ffffff,2.99,3
Personal Blender,http://dummyimage.com/204x100.png/ff4444/ffffff,39.99,1
LED Flashlight with Rechargeable Batteries,http://dummyimage.com/194x100.png/cc0000/ffffff,19.99,3
Bike Helmet,http://dummyimage.com/229x100.png/dddddd/000000,34.99,1
Garlic & Herb Goat Cheese,http://dummyimage.com/243x100.png/ff4444/ffffff,5.49,3
Asian Stir-Fry Vegetables,http://dummyimage.com/104x100.png/ff4444/ffffff,2.99,1
Adjustable Laptop Desk,http://dummyimage.com/168x100.png/cc0000/ffffff,59.99,1
Honey Mustard Sauce,http://dummyimage.com/149x100.png/cc0000/ffffff,3.29,3
Adjustable Pedicure Footrest,http://dummyimage.com/154x100.png/dddddd/000000,39.99,1
Pet Safety Belt for Car,http://dummyimage.com/190x100.png/cc0000/ffffff,14.99,3
Chicken Parmesan Dinner Kit,http://dummyimage.com/181x100.png/cc0000/ffffff,14.99,3
Oven-Baked Potato Chips,http://dummyimage.com/205x100.png/cc0000/ffffff,2.79,4
Dark Chocolate Covered Raisins,http://dummyimage.com/178x100.png/ff4444/ffffff,3.99,4
Wooden Toy Train Set,http://dummyimage.com/231x100.png/ff4444/ffffff,29.99,4
Chocolate Almond Milk,http://dummyimage.com/237x100.png/dddddd/000000,2.79,4
Maple Chipotle Glaze,http://dummyimage.com/215x100.png/5fa2dd/ffffff,3.49,3
Outdoor Camping Lantern,http://dummyimage.com/227x100.png/5fa2dd/ffffff,34.99,4
Flavored Rice Cakes,http://dummyimage.com/234x100.png/cc0000/ffffff,2.49,3
Chocolate Mint Cookies,http://dummyimage.com/207x100.png/dddddd/000000,2.29,1
Kale and Quinoa Salad,http://dummyimage.com/230x100.png/dddddd/000000,6.49,1
Pet Bed with Removable Cover,http://dummyimage.com/103x100.png/cc0000/ffffff,49.99,1
Pumpkin Spice Creamer,http://dummyimage.com/228x100.png/dddddd/000000,3.79,3
Hydration Backpack,http://dummyimage.com/197x100.png/5fa2dd/ffffff,39.99,1
Sweet Corn Fritters,http://dummyimage.com/179x100.png/cc0000/ffffff,4.49,3
Chia Seed Pudding,http://dummyimage.com/168x100.png/ff4444/ffffff,3.99,1
Cereal Dispenser with Portion Control,http://dummyimage.com/162x100.png/5fa2dd/ffffff,24.99,4
Peach Halves (canned),http://dummyimage.com/175x100.png/dddddd/000000,2.49,3
Mini Cordless Vacuum Cleaner,http://dummyimage.com/136x100.png/ff4444/ffffff,45.99,3
Sliced Cucumbers,http://dummyimage.com/113x100.png/5fa2dd/ffffff,1.29,1
Adjustable Laptop Stand,http://dummyimage.com/147x100.png/5fa2dd/ffffff,29.99,1
Vegetable Spring Rolls,http://dummyimage.com/183x100.png/ff4444/ffffff,6.49,3
Karaoke Microphone,http://dummyimage.com/210x100.png/dddddd/000000,39.99,4
Stuffed Peppers with Quinoa,http://dummyimage.com/214x100.png/dddddd/000000,7.99,1
Whole Wheat Pita Bread,http://dummyimage.com/171x100.png/5fa2dd/ffffff,2.79,4
Quinoa and Kale Salad Kit,http://dummyimage.com/118x100.png/5fa2dd/ffffff,5.29,3
LED Desk Lamp,http://dummyimage.com/156x100.png/cc0000/ffffff,35.00,1
Faux Leather Leggings,http://dummyimage.com/182x100.png/cc0000/ffffff,49.99,3
Eco-Friendly Notepad,http://dummyimage.com/192x100.png/ff4444/ffffff,8.99,3
Beef Stroganoff Meal Kit,http://dummyimage.com/119x100.png/5fa2dd/ffffff,12.99,1
Banana Chips,http://dummyimage.com/162x100.png/cc0000/ffffff,1.99,4
Smoked Gouda Cheese,http://dummyimage.com/130x100.png/ff4444/ffffff,5.49,1
Overnight Duffle Bag,http://dummyimage.com/220x100.png/cc0000/ffffff,34.99,1
Frozen Burritos,http://dummyimage.com/229x100.png/dddddd/000000,8.99,4
Classic White T-Shirt,http://dummyimage.com/128x100.png/dddddd/000000,19.99,1
Blue Corn Tortilla Chips,http://dummyimage.com/227x100.png/5fa2dd/ffffff,3.49,3
Mechanical Keyboard,http://dummyimage.com/160x100.png/ff4444/ffffff,99.99,4
Almond Flour Pizza Crust,http://dummyimage.com/139x100.png/dddddd/000000,7.99,1
Fashionable Scarves Set,http://dummyimage.com/121x100.png/cc0000/ffffff,24.99,1
Home Karaoke System,http://dummyimage.com/195x100.png/5fa2dd/ffffff,129.99,4
Black Bean Spaghetti,http://dummyimage.com/228x100.png/ff4444/ffffff,3.99,4
Pet Travel Bowl,http://dummyimage.com/229x100.png/dddddd/000000,10.99,1
Smoked Salmon,http://dummyimage.com/245x100.png/5fa2dd/ffffff,14.99,3
Mini Waffle Maker,http://dummyimage.com/107x100.png/5fa2dd/ffffff,24.99,3
Kids Tablet,http://dummyimage.com/127x100.png/cc0000/ffffff,129.99,3
Olive Oil,http://dummyimage.com/158x100.png/5fa2dd/ffffff,7.99,3
Marinated Artichokes,http://dummyimage.com/222x100.png/5fa2dd/ffffff,3.79,3
Maple Almond Granola,http://dummyimage.com/212x100.png/cc0000/ffffff,5.49,3
Fashionable Scarves Set,http://dummyimage.com/143x100.png/5fa2dd/ffffff,24.99,3
Fitness Mat,http://dummyimage.com/200x100.png/5fa2dd/ffffff,49.99,4
Compact Portable Grill,http://dummyimage.com/143x100.png/5fa2dd/ffffff,79.99,4
Avocado Oil Mayo,http://dummyimage.com/131x100.png/cc0000/ffffff,5.29,1
Hummus,http://dummyimage.com/245x100.png/ff4444/ffffff,4.29,3
Honey Roasted Chickpeas,http://dummyimage.com/174x100.png/ff4444/ffffff,3.29,1
Almond Crunch Granola Bars,http://dummyimage.com/218x100.png/5fa2dd/ffffff,3.49,1
Self-Adhesive Wallpaper,http://dummyimage.com/179x100.png/dddddd/000000,34.99,1
Pepper Jack Cheese Sticks,http://dummyimage.com/228x100.png/dddddd/000000,2.49,4
Maple Bacon Popcorn,http://dummyimage.com/235x100.png/dddddd/000000,3.49,4
Black Olives,http://dummyimage.com/137x100.png/ff4444/ffffff,1.99,3
Spicy Salsa Verde,http://dummyimage.com/193x100.png/ff4444/ffffff,3.49,1
Caramelized Onion Dip,http://dummyimage.com/177x100.png/5fa2dd/ffffff,3.99,3
Laundry Detergent,http://dummyimage.com/210x100.png/5fa2dd/ffffff,12.99,3
Ranch Dressing,http://dummyimage.com/113x100.png/dddddd/000000,2.59,4
Savory Trail Mix,http://dummyimage.com/148x100.png/cc0000/ffffff,4.29,1
Peanut Butter Protein Balls,http://dummyimage.com/116x100.png/ff4444/ffffff,5.29,3
Strawberry Banana Smoothie Pack,http://dummyimage.com/198x100.png/cc0000/ffffff,4.99,1
Cable Knit Cardigan,http://dummyimage.com/107x100.png/cc0000/ffffff,49.99,4
Salsa Verde,http://dummyimage.com/107x100.png/dddddd/000000,3.49,4
Frozen Berry Medley,http://dummyimage.com/229x100.png/dddddd/000000,5.49,3
Zesty Cilantro Lime Dressing,http://dummyimage.com/141x100.png/ff4444/ffffff,3.29,4
Honey-Balsamic Vinaigrette,http://dummyimage.com/155x100.png/ff4444/ffffff,3.39,4
Herbal Tea Infuser,http://dummyimage.com/199x100.png/cc0000/ffffff,9.99,4
Pumpkin Spice Creamer,http://dummyimage.com/196x100.png/ff4444/ffffff,3.79,3
Falafel Mix,http://dummyimage.com/182x100.png/5fa2dd/ffffff,2.79,4
Coconut Curry Lentils,http://dummyimage.com/238x100.png/cc0000/ffffff,5.79,1
Chic Jumpsuit,http://dummyimage.com/173x100.png/ff4444/ffffff,89.99,3
Electric Bike,http://dummyimage.com/122x100.png/dddddd/000000,899.99,1
LED Desk Light,http://dummyimage.com/234x100.png/ff4444/ffffff,34.99,4
Pumpkin Pancake Mix,http://dummyimage.com/110x100.png/dddddd/000000,4.19,1
Coconut Lime Rice,http://dummyimage.com/113x100.png/cc0000/ffffff,2.99,4
Organic Quinoa Salad,http://dummyimage.com/126x100.png/cc0000/ffffff,5.99,1
Sliced Turkey Breast,http://dummyimage.com/140x100.png/5fa2dd/ffffff,5.49,4
Garden Hose,http://dummyimage.com/114x100.png/5fa2dd/ffffff,32.99,3
Wireless Keyboard and Mouse Combo,http://dummyimage.com/223x100.png/5fa2dd/ffffff,34.99,1
Chocolate Avocado Pudding,http://dummyimage.com/134x100.png/dddddd/000000,4.99,3
Foam Muscle Roller,http://dummyimage.com/135x100.png/dddddd/000000,24.99,1
Noise-Canceling Earbuds,http://dummyimage.com/163x100.png/ff4444/ffffff,79.99,4
Compost Bin,http://dummyimage.com/129x100.png/cc0000/ffffff,29.99,1
Compressible Packing Cubes,http://dummyimage.com/234x100.png/dddddd/000000,29.99,1
Portable Pet Water Bottle,http://dummyimage.com/139x100.png/5fa2dd/ffffff,18.99,4
Almond Butter Crunch Bar,http://dummyimage.com/124x100.png/5fa2dd/ffffff,1.99,4
Teriyaki Stir-Fry Sauce,http://dummyimage.com/125x100.png/ff4444/ffffff,3.49,3
Avocado Oil Mayo,http://dummyimage.com/247x100.png/dddddd/000000,5.29,4
Incense Holder,http://dummyimage.com/177x100.png/ff4444/ffffff,14.99,1
Lasagna Noodles,http://dummyimage.com/216x100.png/cc0000/ffffff,1.89,3
Coconut Curry Chicken,http://dummyimage.com/162x100.png/dddddd/000000,9.99,3
Personalized Cutting Board,http://dummyimage.com/100x100.png/cc0000/ffffff,34.99,4
Cheesy Broccoli Soup Mix,http://dummyimage.com/212x100.png/cc0000/ffffff,2.99,4
Sturdy Bookends,http://dummyimage.com/229x100.png/cc0000/ffffff,22.99,1
Chickpea Salad,http://dummyimage.com/211x100.png/dddddd/000000,5.49,3
Roasted Vegetable Medley,http://dummyimage.com/148x100.png/ff4444/ffffff,3.99,4
Bluetooth Headphones,http://dummyimage.com/138x100.png/ff4444/ffffff,79.99,3
Electric Screwdriver,http://dummyimage.com/191x100.png/dddddd/000000,59.99,1
Digital Wireless Camera,http://dummyimage.com/103x100.png/5fa2dd/ffffff,199.99,3
Cinnamon Ice Cream,http://dummyimage.com/174x100.png/dddddd/000000,4.99,4
Car Vacuum,http://dummyimage.com/231x100.png/ff4444/ffffff,49.99,1
Brown Sugar,http://dummyimage.com/206x100.png/ff4444/ffffff,1.79,1
Home Brewing Starter Kit,http://dummyimage.com/102x100.png/cc0000/ffffff,79.99,3
Buffalo Cauliflower Wings,http://dummyimage.com/188x100.png/cc0000/ffffff,6.99,4
Kids' Learning Tablet,http://dummyimage.com/111x100.png/dddddd/000000,129.99,3
Recipe Book Stand,http://dummyimage.com/171x100.png/dddddd/000000,22.99,4
Inspirational Wall Art,http://dummyimage.com/234x100.png/dddddd/000000,24.99,1
Sea Salt Caramel Popcorn,http://dummyimage.com/219x100.png/5fa2dd/ffffff,3.99,3
Tomato Basil Soup,http://dummyimage.com/157x100.png/cc0000/ffffff,3.49,4
Honey Mustard Pretzel Bites,http://dummyimage.com/100x100.png/cc0000/ffffff,3.99,3
Herbed Mushroom Risotto,http://dummyimage.com/165x100.png/ff4444/ffffff,5.49,1
Spicy Thai Noodles,http://dummyimage.com/129x100.png/5fa2dd/ffffff,1.99,1
Pet Grooming Glove,http://dummyimage.com/131x100.png/cc0000/ffffff,12.99,4
Ethically-Sourced Coffee Beans,http://dummyimage.com/230x100.png/dddddd/000000,9.99,1
Cranberry Orange Juice,http://dummyimage.com/130x100.png/ff4444/ffffff,2.49,1
Savory Breakfast Sausage,http://dummyimage.com/238x100.png/ff4444/ffffff,6.49,4
Apple Pie Filling,http://dummyimage.com/127x100.png/dddddd/000000,3.49,3
Lentil Vegetable Stew,http://dummyimage.com/152x100.png/ff4444/ffffff,4.49,4
Almond Joy Munch Bars,http://dummyimage.com/123x100.png/dddddd/000000,1.39,1
Adjustable Stand for Tablets and Smartphones,http://dummyimage.com/108x100.png/cc0000/ffffff,19.99,3
Banana Nut Oatmeal Cups,http://dummyimage.com/103x100.png/dddddd/000000,2.99,1
Sun-Dried Tomatoes,http://dummyimage.com/106x100.png/dddddd/000000,3.99,1
Adjustable Pedicure Footrest,http://dummyimage.com/158x100.png/5fa2dd/ffffff,39.99,3
Vegan Caesar Dressing,http://dummyimage.com/179x100.png/5fa2dd/ffffff,3.99,1
Banana Nut Muffins,http://dummyimage.com/184x100.png/dddddd/000000,4.49,4
Weighted Blanket for Adults,http://dummyimage.com/116x100.png/dddddd/000000,59.99,3
Set of Herb Garden Markers,http://dummyimage.com/184x100.png/cc0000/ffffff,8.99,3
Sliced Turkey Breast,http://dummyimage.com/180x100.png/5fa2dd/ffffff,5.49,1
Samsung Galaxy Smartwatch,http://dummyimage.com/126x100.png/cc0000/ffffff,249.99,1
Electric Skillet,http://dummyimage.com/133x100.png/cc0000/ffffff,49.99,4
Fishing Rod,http://dummyimage.com/124x100.png/dddddd/000000,49.99,1
Home Delivery Food Journal,http://dummyimage.com/209x100.png/5fa2dd/ffffff,14.99,1
Spaghetti Sauce,http://dummyimage.com/187x100.png/dddddd/000000,2.99,3
Peanut Butter Chocolate Clusters,http://dummyimage.com/109x100.png/5fa2dd/ffffff,2.99,4
Faux Fur Coat,http://dummyimage.com/113x100.png/ff4444/ffffff,129.99,3
Peach Green Tea,http://dummyimage.com/165x100.png/cc0000/ffffff,3.49,1
Electric Toothbrush Holder,http://dummyimage.com/104x100.png/5fa2dd/ffffff,14.99,3
High-Top Leather Boots,http://dummyimage.com/218x100.png/dddddd/000000,99.99,4
Hummus,http://dummyimage.com/113x100.png/cc0000/ffffff,4.29,1
Collapsible Camping Cup,http://dummyimage.com/141x100.png/dddddd/000000,9.99,4
Digital Photo Frame,http://dummyimage.com/240x100.png/ff4444/ffffff,79.99,3
Almond Butter Granola Bars,http://dummyimage.com/200x100.png/dddddd/000000,4.99,4
Automatic Pet Feeder,http://dummyimage.com/127x100.png/cc0000/ffffff,69.99,4
Puffed Rice Cake,http://dummyimage.com/218x100.png/5fa2dd/ffffff,2.49,4
Backpacking Tent,http://dummyimage.com/242x100.png/5fa2dd/ffffff,109.99,3
Customizable Wall Calendar,http://dummyimage.com/135x100.png/cc0000/ffffff,24.99,1
Luxury Bathrobe,http://dummyimage.com/165x100.png/ff4444/ffffff,49.99,4
Peanut Butter Banana Smoothie,http://dummyimage.com/211x100.png/dddddd/000000,3.99,1
High-Top Leather Boots,http://dummyimage.com/194x100.png/5fa2dd/ffffff,99.99,1
Chipotle Black Bean Burger,http://dummyimage.com/242x100.png/ff4444/ffffff,4.99,3
Pasta Primavera,http://dummyimage.com/159x100.png/ff4444/ffffff,4.99,1
Coconut Cashew Yogurt,http://dummyimage.com/152x100.png/ff4444/ffffff,1.99,1
Herbal Tea Infuser,http://dummyimage.com/111x100.png/dddddd/000000,9.99,4
Pear and Gorgonzola Salad,http://dummyimage.com/126x100.png/dddddd/000000,5.49,4
Electric Milk Frother,http://dummyimage.com/209x100.png/5fa2dd/ffffff,19.99,4
Pet Grooming Kit,http://dummyimage.com/113x100.png/dddddd/000000,39.99,1
Wooden Puzzle Game,http://dummyimage.com/197x100.png/cc0000/ffffff,14.99,1
Chocolate Fudge Brownie Mix,http://dummyimage.com/230x100.png/ff4444/ffffff,2.99,1
Cinnamon Roll Protein Bar,http://dummyimage.com/161x100.png/cc0000/ffffff,2.99,1
Beef Stroganoff Meal Kit,http://dummyimage.com/249x100.png/5fa2dd/ffffff,12.99,4
Organic Chia Seeds,http://dummyimage.com/175x100.png/dddddd/000000,7.99,3
Travel Mug with Leak-Proof Lid,http://dummyimage.com/180x100.png/ff4444/ffffff,24.99,1
Coconut Chips,http://dummyimage.com/182x100.png/5fa2dd/ffffff,3.59,1
Potato Wedge Seasoning,http://dummyimage.com/133x100.png/ff4444/ffffff,2.49,4
Coconut Cream,http://dummyimage.com/154x100.png/dddddd/000000,2.99,1
Thai Peanut Dressing,http://dummyimage.com/114x100.png/5fa2dd/ffffff,3.29,3
Chickpea Pancakes,http://dummyimage.com/189x100.png/cc0000/ffffff,4.99,3
Kitchen Scale,http://dummyimage.com/195x100.png/dddddd/000000,19.99,4
Vegetable and Cheese Quesadillas,http://dummyimage.com/170x100.png/dddddd/000000,6.99,3
Nutritional Yeast,http://dummyimage.com/191x100.png/dddddd/000000,3.59,4
Vegetarian Stuffed Peppers,http://dummyimage.com/223x100.png/cc0000/ffffff,4.99,4
LED Flashlight,http://dummyimage.com/250x100.png/cc0000/ffffff,19.99,1
Veggie Chips Variety Pack,http://dummyimage.com/136x100.png/cc0000/ffffff,3.79,3
Electric Kettle,http://dummyimage.com/139x100.png/dddddd/000000,39.99,4
Ginger Turmeric Tea,http://dummyimage.com/108x100.png/dddddd/000000,3.49,3
Insulated Cooler,http://dummyimage.com/189x100.png/5fa2dd/ffffff,39.99,4
Wall-Mounted Spice Rack,http://dummyimage.com/132x100.png/5fa2dd/ffffff,39.99,4
Herb Seasoned Croutons,http://dummyimage.com/240x100.png/5fa2dd/ffffff,2.99,4
Inflatable Party Cooler,http://dummyimage.com/108x100.png/cc0000/ffffff,19.99,4
Ultraviolet Phone Sanitizer,http://dummyimage.com/132x100.png/ff4444/ffffff,39.99,4
Electric Skillet,http://dummyimage.com/240x100.png/cc0000/ffffff,49.99,1
Chili Garlic Sauce,http://dummyimage.com/173x100.png/cc0000/ffffff,2.49,1
Wall Decals for Kids,http://dummyimage.com/119x100.png/5fa2dd/ffffff,24.99,3
High-Speed HDMI Cable,http://dummyimage.com/222x100.png/ff4444/ffffff,12.99,3
Fitness Jump Box,http://dummyimage.com/128x100.png/ff4444/ffffff,69.99,4
Smart Water Bottle with Hydration Reminder,http://dummyimage.com/219x100.png/cc0000/ffffff,39.99,4
Dried Apricots,http://dummyimage.com/175x100.png/cc0000/ffffff,3.79,4
Water Bottle with Built-in Fruit Infuser,http://dummyimage.com/132x100.png/5fa2dd/ffffff,18.99,4
Hiking Gaiters,http://dummyimage.com/178x100.png/5fa2dd/ffffff,29.99,3
Green Tea Matcha Powder,http://dummyimage.com/160x100.png/dddddd/000000,15.99,1
Fitness Balance Ball,http://dummyimage.com/102x100.png/ff4444/ffffff,24.99,1
Sea Salt Caramel Brownie,http://dummyimage.com/134x100.png/ff4444/ffffff,2.49,1
Outdoor Camping Lantern,http://dummyimage.com/133x100.png/dddddd/000000,34.99,1
Classic BBQ Sauce,http://dummyimage.com/201x100.png/5fa2dd/ffffff,2.79,1
Pretzel Bites,http://dummyimage.com/141x100.png/ff4444/ffffff,4.99,3
Falafel Mix,http://dummyimage.com/193x100.png/cc0000/ffffff,2.79,3
Sesame Oil,http://dummyimage.com/115x100.png/dddddd/000000,3.99,3
Sweet Potato Noodles,http://dummyimage.com/237x100.png/ff4444/ffffff,3.79,1
Sesame Garlic Noodles,http://dummyimage.com/207x100.png/ff4444/ffffff,3.49,1
Blackberry Compote,http://dummyimage.com/191x100.png/5fa2dd/ffffff,5.29,1
Dried Apricots,http://dummyimage.com/103x100.png/5fa2dd/ffffff,3.79,3
Blueberry Oatmeal Cups,http://dummyimage.com/153x100.png/ff4444/ffffff,3.29,4
Caramel Sauce,http://dummyimage.com/137x100.png/cc0000/ffffff,3.49,3
Raspberry Tart,http://dummyimage.com/157x100.png/cc0000/ffffff,5.49,4
Jennifer's Amazing Lip Balm Kit,http://dummyimage.com/171x100.png/cc0000/ffffff,22.99,4
Lockable Bicycle Chain,http://dummyimage.com/131x100.png/dddddd/000000,19.99,4
Cotton Pajama Set,http://dummyimage.com/204x100.png/dddddd/000000,49.99,4
Wireless Keyboard and Mouse Combo,http://dummyimage.com/135x100.png/5fa2dd/ffffff,34.99,3
Honey Sesame Cashews,http://dummyimage.com/110x100.png/5fa2dd/ffffff,4.49,3
Action Camera,http://dummyimage.com/194x100.png/5fa2dd/ffffff,199.99,1
High-Speed HDMI Cable,http://dummyimage.com/155x100.png/5fa2dd/ffffff,12.99,1
Sourdough Bread,http://dummyimage.com/238x100.png/dddddd/000000,4.99,3
Oven-Baked Parmesan Zucchini,http://dummyimage.com/223x100.png/ff4444/ffffff,4.99,4
USB Flash Drive,http://dummyimage.com/157x100.png/cc0000/ffffff,9.99,3
Comfy Slippers,http://dummyimage.com/157x100.png/ff4444/ffffff,29.99,4
Flavored Popcorn Mix,http://dummyimage.com/195x100.png/ff4444/ffffff,2.99,3
Silicone Baking Mats,http://dummyimage.com/149x100.png/dddddd/000000,19.99,4
Peas (frozen),http://dummyimage.com/155x100.png/5fa2dd/ffffff,1.89,1
Stainless Steel Travel Mug,http://dummyimage.com/228x100.png/5fa2dd/ffffff,19.99,4
Hiking Boots,http://dummyimage.com/212x100.png/ff4444/ffffff,79.99,1
Quinoa & Black Bean Salad,http://dummyimage.com/148x100.png/dddddd/000000,7.49,3
Lemon Basil Pasta Sauce,http://dummyimage.com/225x100.png/cc0000/ffffff,4.99,1
Frozen Salmon Filets,http://dummyimage.com/194x100.png/cc0000/ffffff,12.99,4
Ginger Turmeric Tea,http://dummyimage.com/148x100.png/ff4444/ffffff,3.49,3
Insulated Lunch Bag,http://dummyimage.com/231x100.png/5fa2dd/ffffff,24.99,1
LED Flashlight,http://dummyimage.com/208x100.png/5fa2dd/ffffff,19.99,1
Chili Powder,http://dummyimage.com/188x100.png/cc0000/ffffff,2.09,1
Beef Stew Meat,http://dummyimage.com/179x100.png/ff4444/ffffff,5.99,4
Garlic Parmesan Roasted Potatoes,http://dummyimage.com/119x100.png/cc0000/ffffff,3.99,3
Sun-Dried Tomatoes,http://dummyimage.com/229x100.png/cc0000/ffffff,3.99,4
Smart Wi-Fi Light Bulbs,http://dummyimage.com/131x100.png/ff4444/ffffff,19.99,4
Mini Fondue Set,http://dummyimage.com/247x100.png/dddddd/000000,34.99,4
Kids' Educational Tablet,http://dummyimage.com/191x100.png/cc0000/ffffff,129.99,4
Kale Caesar Salad Kit,http://dummyimage.com/247x100.png/dddddd/000000,5.99,3
Electric Griddle,http://dummyimage.com/147x100.png/dddddd/000000,54.99,4
Wall-Mounted Organizer,http://dummyimage.com/165x100.png/ff4444/ffffff,34.99,1
Pasta Sauce Mix,http://dummyimage.com/101x100.png/ff4444/ffffff,1.29,4
Fresh Basil,http://dummyimage.com/124x100.png/5fa2dd/ffffff,1.99,3
Ice Cream Scoop,http://dummyimage.com/147x100.png/5fa2dd/ffffff,12.99,3
Fresh Basil,http://dummyimage.com/166x100.png/cc0000/ffffff,1.99,1
Smartwatch,http://dummyimage.com/154x100.png/5fa2dd/ffffff,199.99,1
Zucchini,http://dummyimage.com/170x100.png/cc0000/ffffff,0.79,3
Peas (frozen),http://dummyimage.com/194x100.png/5fa2dd/ffffff,1.89,1
Rechargeable Laptop Battery Pack,http://dummyimage.com/223x100.png/dddddd/000000,49.99,4
Faux Fur Throw Blanket,http://dummyimage.com/150x100.png/dddddd/000000,39.99,1
Black Bean Soup,http://dummyimage.com/108x100.png/ff4444/ffffff,3.49,4
Digital Voice Recorder,http://dummyimage.com/189x100.png/dddddd/000000,49.99,4
Art Supplies Organizer,http://dummyimage.com/118x100.png/5fa2dd/ffffff,18.99,4
Memory Foam Mattress Pad,http://dummyimage.com/129x100.png/5fa2dd/ffffff,69.99,3
Sweet Potatoes (organic),http://dummyimage.com/172x100.png/5fa2dd/ffffff,1.99,4
Puzzle 3D Model Kit,http://dummyimage.com/118x100.png/ff4444/ffffff,22.99,4
Balsamic Vinaigrette,http://dummyimage.com/158x100.png/cc0000/ffffff,2.69,3
Coconut Chia Pudding,http://dummyimage.com/236x100.png/5fa2dd/ffffff,3.49,4
A-Line Skirt,http://dummyimage.com/173x100.png/cc0000/ffffff,35.99,1
Ergonomic Mouse Pad with Wrist Support,http://dummyimage.com/169x100.png/ff4444/ffffff,14.99,1
Tea Set with Infuser,http://dummyimage.com/249x100.png/5fa2dd/ffffff,34.99,4
Sweet Chili Sauce,http://dummyimage.com/219x100.png/ff4444/ffffff,2.99,4
Balsamic Glaze,http://dummyimage.com/237x100.png/ff4444/ffffff,4.79,3
Spicy Garlic Edamame,http://dummyimage.com/171x100.png/5fa2dd/ffffff,3.99,4
Honey Lemon Tea,http://dummyimage.com/214x100.png/5fa2dd/ffffff,3.29,1
Mini Indoor Herb Garden Kit,http://dummyimage.com/164x100.png/dddddd/000000,24.99,3
Luxury Bathrobe,http://dummyimage.com/161x100.png/dddddd/000000,49.99,1
Wireless Gaming Mouse,http://dummyimage.com/170x100.png/cc0000/ffffff,39.99,1
Decorative Wall Tapestry,http://dummyimage.com/158x100.png/ff4444/ffffff,34.99,4
Instant Camera,http://dummyimage.com/224x100.png/ff4444/ffffff,89.99,4
Wireless Smart Plug,http://dummyimage.com/240x100.png/cc0000/ffffff,19.99,1
Chipotle Sauce,http://dummyimage.com/178x100.png/5fa2dd/ffffff,3.29,4
Ice Cream Maker,http://dummyimage.com/250x100.png/dddddd/000000,79.99,3
Ceramic Planter Set,http://dummyimage.com/212x100.png/5fa2dd/ffffff,39.99,4
Vegetarian Stir Fry Sauce,http://dummyimage.com/103x100.png/5fa2dd/ffffff,2.49,4
Classic Beef Chili,http://dummyimage.com/120x100.png/5fa2dd/ffffff,7.99,4
Wireless Wi-Fi Extender,http://dummyimage.com/198x100.png/5fa2dd/ffffff,49.99,3
Quinoa & Black Bean Salad,http://dummyimage.com/154x100.png/cc0000/ffffff,7.49,1
Stainless Steel Cutlery Set,http://dummyimage.com/209x100.png/ff4444/ffffff,29.99,3
Watercolor Paint Set,http://dummyimage.com/135x100.png/5fa2dd/ffffff,19.99,3
Pet Carrier Backpack,http://dummyimage.com/246x100.png/cc0000/ffffff,39.99,4
Trendy Bomber Jacket,http://dummyimage.com/184x100.png/cc0000/ffffff,69.99,1
Tea Infuser Bottle,http://dummyimage.com/123x100.png/cc0000/ffffff,19.99,1
Savory Oats,http://dummyimage.com/229x100.png/5fa2dd/ffffff,2.49,3
Frozen Burritos,http://dummyimage.com/235x100.png/cc0000/ffffff,8.99,3
Compressed Towel Tablets,http://dummyimage.com/250x100.png/dddddd/000000,12.99,4
Compact Dishwasher,http://dummyimage.com/249x100.png/dddddd/000000,299.99,4
Pocket Blanket,http://dummyimage.com/148x100.png/ff4444/ffffff,24.99,1
Spinach and Cheese Stuffed Shells,http://dummyimage.com/105x100.png/dddddd/000000,5.99,4
Lentils,http://dummyimage.com/141x100.png/5fa2dd/ffffff,2.99,1
Nut Mix,http://dummyimage.com/199x100.png/dddddd/000000,5.99,4
Chia Seeds,http://dummyimage.com/103x100.png/cc0000/ffffff,6.99,4
Wireless Wi-Fi Extender,http://dummyimage.com/192x100.png/cc0000/ffffff,49.99,3
Outdoor Fire Pit,http://dummyimage.com/136x100.png/dddddd/000000,149.99,3
Blue Corn Tortilla Chips,http://dummyimage.com/194x100.png/cc0000/ffffff,3.49,1
Peach Preserves,http://dummyimage.com/104x100.png/ff4444/ffffff,3.79,1
Teriyaki Stir-Fry Sauce,http://dummyimage.com/176x100.png/5fa2dd/ffffff,3.49,4
Digital Stopwatch Timer,http://dummyimage.com/160x100.png/dddddd/000000,12.99,4
Stuffed Peppers with Quinoa,http://dummyimage.com/138x100.png/5fa2dd/ffffff,7.99,3
Kids' Gardening Kit,http://dummyimage.com/112x100.png/dddddd/000000,24.99,4
Brownie Bites,http://dummyimage.com/121x100.png/dddddd/000000,4.99,1
Suction Cup Hooks,http://dummyimage.com/236x100.png/5fa2dd/ffffff,9.99,3
Hummus Variety Pack,http://dummyimage.com/205x100.png/cc0000/ffffff,5.99,4
Magnetic Spice Containers,http://dummyimage.com/203x100.png/dddddd/000000,24.99,3
Electric Blanket,http://dummyimage.com/205x100.png/dddddd/000000,59.99,3
Nut Mix,http://dummyimage.com/184x100.png/cc0000/ffffff,5.99,4
Wireless Gaming Headset,http://dummyimage.com/196x100.png/dddddd/000000,89.99,1
Himalayan Pink Salt,http://dummyimage.com/144x100.png/ff4444/ffffff,1.99,3
Outdoor Adventure Kit,http://dummyimage.com/249x100.png/cc0000/ffffff,89.99,4
Maple Bacon Potato Chips,http://dummyimage.com/107x100.png/cc0000/ffffff,2.89,4
BBQ Sauce,http://dummyimage.com/152x100.png/cc0000/ffffff,3.49,1
Indoor Grill,http://dummyimage.com/233x100.png/ff4444/ffffff,59.99,3
Graphic Print Leggings,http://dummyimage.com/232x100.png/dddddd/000000,29.99,1
Crispy Onion Rings,http://dummyimage.com/230x100.png/cc0000/ffffff,4.29,3
LED Desk Light,http://dummyimage.com/100x100.png/5fa2dd/ffffff,34.99,1
Outdoor Sports Backpack,http://dummyimage.com/115x100.png/5fa2dd/ffffff,49.99,3
Indoor Grill,http://dummyimage.com/211x100.png/ff4444/ffffff,59.99,1
Electric Food Steamer,http://dummyimage.com/177x100.png/cc0000/ffffff,59.99,3
Pumpkin Pancake Mix,http://dummyimage.com/109x100.png/dddddd/000000,4.19,1
Home Delivery Food Journal,http://dummyimage.com/187x100.png/dddddd/000000,14.99,1
Luminous Night Light,http://dummyimage.com/144x100.png/ff4444/ffffff,15.99,1
Gluten-Free Brownies,http://dummyimage.com/166x100.png/cc0000/ffffff,4.99,1
Self-Watering Planter,http://dummyimage.com/244x100.png/dddddd/000000,24.99,1
Vegetable Samosas,http://dummyimage.com/240x100.png/cc0000/ffffff,4.99,1
Spicy Beef Taco Mix,http://dummyimage.com/212x100.png/ff4444/ffffff,1.99,1
Electric Ice Cream Maker,http://dummyimage.com/187x100.png/cc0000/ffffff,59.99,3
Nutritional Yeast,http://dummyimage.com/214x100.png/cc0000/ffffff,3.59,4
LED Desk Lamp with USB Charging Port,http://dummyimage.com/230x100.png/cc0000/ffffff,29.99,1
Mediterranean Olives,http://dummyimage.com/171x100.png/dddddd/000000,6.49,1
Bluetooth Shower Speaker,http://dummyimage.com/218x100.png/dddddd/000000,24.99,1
Frozen Mixed Berries,http://dummyimage.com/214x100.png/ff4444/ffffff,5.99,3
Organic Brown Sugar,http://dummyimage.com/156x100.png/cc0000/ffffff,2.49,1
Dish Soap Dispenser,http://dummyimage.com/197x100.png/5fa2dd/ffffff,18.99,3
Multi-Function Smartphone Holder,http://dummyimage.com/144x100.png/5fa2dd/ffffff,12.99,4
Wireless Security System,http://dummyimage.com/248x100.png/5fa2dd/ffffff,299.99,1
Mesh Sports Leggings,http://dummyimage.com/231x100.png/dddddd/000000,39.99,3
Vegetable Korma,http://dummyimage.com/208x100.png/ff4444/ffffff,6.49,3
Tomato Paste,http://dummyimage.com/111x100.png/5fa2dd/ffffff,1.29,1
Over-The-Door Shoe Organizer,http://dummyimage.com/135x100.png/ff4444/ffffff,25.99,1
Kids' STEM Robotics Kit,http://dummyimage.com/214x100.png/ff4444/ffffff,59.99,4
Red Lentils,http://dummyimage.com/226x100.png/ff4444/ffffff,1.99,1
Pecan Pie Filling,http://dummyimage.com/228x100.png/5fa2dd/ffffff,3.99,1
Electronic Drum Kit,http://dummyimage.com/215x100.png/dddddd/000000,359.99,4
Maple Chipotle Glaze,http://dummyimage.com/237x100.png/ff4444/ffffff,3.49,1
Corn Tortillas,http://dummyimage.com/155x100.png/5fa2dd/ffffff,2.49,1
Gaming Headset,http://dummyimage.com/158x100.png/ff4444/ffffff,69.99,4
Overnight Hiking Backpack,http://dummyimage.com/222x100.png/5fa2dd/ffffff,79.99,4
Peach Green Tea,http://dummyimage.com/116x100.png/5fa2dd/ffffff,3.49,4
Cauliflower Gnocchi,http://dummyimage.com/211x100.png/5fa2dd/ffffff,3.59,1
Miso Dressing,http://dummyimage.com/167x100.png/ff4444/ffffff,3.49,3
Savory Quinoa Pudding,http://dummyimage.com/122x100.png/5fa2dd/ffffff,2.99,4
Couscous Mix,http://dummyimage.com/216x100.png/5fa2dd/ffffff,2.49,1
Savory Oats,http://dummyimage.com/115x100.png/5fa2dd/ffffff,2.49,4
Baby Monitor,http://dummyimage.com/205x100.png/cc0000/ffffff,79.99,1
Lightweight Travel Backpack,http://dummyimage.com/236x100.png/ff4444/ffffff,39.99,3
Tattoo Kit,http://dummyimage.com/164x100.png/ff4444/ffffff,99.99,1
Pumpkin Spice Granola,http://dummyimage.com/235x100.png/ff4444/ffffff,4.99,3
Portable Bluetooth Keyboard,http://dummyimage.com/129x100.png/dddddd/000000,39.99,1
Suction Cup Hooks,http://dummyimage.com/193x100.png/ff4444/ffffff,9.99,4
Maple Bacon Jerky,http://dummyimage.com/195x100.png/dddddd/000000,6.99,3
Over-the-Door Shoe Organizer,http://dummyimage.com/179x100.png/ff4444/ffffff,22.99,3
Zucchini Noodle Pasta,http://dummyimage.com/122x100.png/cc0000/ffffff,3.99,3
Popcorn Chicken,http://dummyimage.com/185x100.png/cc0000/ffffff,6.49,4
Waterproof Rain Boots,http://dummyimage.com/128x100.png/dddddd/000000,69.99,4
Vegetable Pizza Rolls,http://dummyimage.com/197x100.png/5fa2dd/ffffff,6.49,1
Fitness Tracker Band,http://dummyimage.com/116x100.png/ff4444/ffffff,29.99,4
Chocolate Hazelnut Spread,http://dummyimage.com/107x100.png/cc0000/ffffff,5.99,3
Ricotta Cheese,http://dummyimage.com/224x100.png/cc0000/ffffff,4.99,1
Whole Wheat Bread,http://dummyimage.com/139x100.png/cc0000/ffffff,2.49,3
Organic Whole Grain Oats,http://dummyimage.com/208x100.png/dddddd/000000,2.49,3
Luminous Night Light,http://dummyimage.com/130x100.png/5fa2dd/ffffff,15.99,3
Almond Butter Cookies,http://dummyimage.com/131x100.png/dddddd/000000,4.49,3
Portable Pet Pooper Scooper,http://dummyimage.com/109x100.png/cc0000/ffffff,12.99,4
Thai Green Curry Paste,http://dummyimage.com/199x100.png/cc0000/ffffff,2.49,4
Caramel Apple Taffy,http://dummyimage.com/250x100.png/ff4444/ffffff,1.99,4
Reusable Food Storage Bags,http://dummyimage.com/242x100.png/5fa2dd/ffffff,19.99,3
Cranberry Orange Oatmeal,http://dummyimage.com/150x100.png/ff4444/ffffff,2.49,4
Air Fryer Oven,http://dummyimage.com/240x100.png/ff4444/ffffff,149.99,3
Peach Halves (canned),http://dummyimage.com/226x100.png/cc0000/ffffff,2.49,1
Sesame Noodles,http://dummyimage.com/142x100.png/cc0000/ffffff,5.99,3
Organic Tomato Soup,http://dummyimage.com/198x100.png/5fa2dd/ffffff,3.79,4
Herbal Tea Variety Pack,http://dummyimage.com/197x100.png/ff4444/ffffff,4.99,4
Portable Hand Warmer,http://dummyimage.com/222x100.png/ff4444/ffffff,24.99,3
Smart Thermostat,http://dummyimage.com/157x100.png/5fa2dd/ffffff,149.99,3
Children's Musical Instrument Set,http://dummyimage.com/118x100.png/cc0000/ffffff,39.99,1
Berries Medley,http://dummyimage.com/218x100.png/ff4444/ffffff,6.99,1
Cranberry Juice,http://dummyimage.com/175x100.png/dddddd/000000,3.69,3
Pistachios,http://dummyimage.com/204x100.png/5fa2dd/ffffff,6.99,1
Board Game Storage,http://dummyimage.com/111x100.png/dddddd/000000,19.99,1
Portable Pet Bathing Tool,http://dummyimage.com/162x100.png/cc0000/ffffff,29.99,1
Oven Mitts with Pocket,http://dummyimage.com/165x100.png/cc0000/ffffff,19.99,1
Maple Chipotle Glaze,http://dummyimage.com/106x100.png/5fa2dd/ffffff,3.49,1
Cacao Powder,http://dummyimage.com/105x100.png/5fa2dd/ffffff,4.49,1
Potato Wedge Seasoning,http://dummyimage.com/159x100.png/cc0000/ffffff,2.49,1
Peach Mango Smoothie,http://dummyimage.com/106x100.png/ff4444/ffffff,3.49,1
Compost Bin,http://dummyimage.com/214x100.png/cc0000/ffffff,29.99,4
Roasted Garlic Butter,http://dummyimage.com/211x100.png/ff4444/ffffff,3.29,1
Spicy Garlic Edamame,http://dummyimage.com/134x100.png/cc0000/ffffff,3.99,3
Wall Art Stickers,http://dummyimage.com/246x100.png/ff4444/ffffff,19.99,1
Canvas Tote Bag,http://dummyimage.com/205x100.png/ff4444/ffffff,19.99,3
Maple Bacon Jerky,http://dummyimage.com/248x100.png/dddddd/000000,6.99,4
Sweet Potato Noodles,http://dummyimage.com/244x100.png/ff4444/ffffff,3.79,4
Honey Wheat Pretzels,http://dummyimage.com/131x100.png/ff4444/ffffff,3.49,1
Hydration Backpack,http://dummyimage.com/107x100.png/5fa2dd/ffffff,39.99,4
Automatic Pet Feeder,http://dummyimage.com/157x100.png/cc0000/ffffff,69.99,3
Warm Knit Beanie,http://dummyimage.com/168x100.png/ff4444/ffffff,19.99,3
Wooden Puzzle Game,http://dummyimage.com/230x100.png/dddddd/000000,14.99,3
Chocolate Chip Energy Balls,http://dummyimage.com/173x100.png/5fa2dd/ffffff,3.99,4
Cinnamon Raisin Bread,http://dummyimage.com/132x100.png/5fa2dd/ffffff,3.79,1
Graphic Print Leggings,http://dummyimage.com/140x100.png/dddddd/000000,29.99,3
Pumpkin Spice Muffins,http://dummyimage.com/220x100.png/dddddd/000000,3.99,4
Dried Fruit Medley,http://dummyimage.com/230x100.png/5fa2dd/ffffff,5.49,3
Pineapple Coconut Bars,http://dummyimage.com/107x100.png/ff4444/ffffff,3.79,4
Wireless Smart Plug,http://dummyimage.com/188x100.png/5fa2dd/ffffff,19.99,4
Set of Silicone Cooking Utensils,http://dummyimage.com/173x100.png/dddddd/000000,29.99,3
Asian Salad Mix,http://dummyimage.com/224x100.png/cc0000/ffffff,3.99,3
Silicone Stretch Lids,http://dummyimage.com/124x100.png/dddddd/000000,14.99,3
Garden Vegetable Soup,http://dummyimage.com/219x100.png/dddddd/000000,3.29,3
Chunky Knit Sweater,http://dummyimage.com/209x100.png/5fa2dd/ffffff,59.99,3
Weighted Jump Rope,http://dummyimage.com/217x100.png/cc0000/ffffff,15.99,3
Classic Cheesecake Mix,http://dummyimage.com/118x100.png/cc0000/ffffff,4.99,4
Oversized Denim Shirt,http://dummyimage.com/215x100.png/5fa2dd/ffffff,49.99,1
Golf Putting Green,http://dummyimage.com/205x100.png/dddddd/000000,79.99,3
Chocolate Coconut Protein Balls,http://dummyimage.com/247x100.png/5fa2dd/ffffff,2.99,1
Buttermilk Pancakes,http://dummyimage.com/139x100.png/cc0000/ffffff,3.99,4
Portable Air Compressor,http://dummyimage.com/249x100.png/ff4444/ffffff,44.99,4
Organic Black Bean Burger,http://dummyimage.com/153x100.png/ff4444/ffffff,4.49,4
Luxury Bathrobe,http://dummyimage.com/109x100.png/ff4444/ffffff,49.99,4
Jigsaw Puzzle,http://dummyimage.com/236x100.png/5fa2dd/ffffff,14.99,4
Portable Bluetooth Keyboard,http://dummyimage.com/108x100.png/5fa2dd/ffffff,39.99,4
Teriyaki Chicken Bowl,http://dummyimage.com/103x100.png/ff4444/ffffff,6.49,4
Frozen Cauliflower Rice,http://dummyimage.com/153x100.png/dddddd/000000,2.99,3
LED Christmas Tree Lights,http://dummyimage.com/198x100.png/dddddd/000000,34.99,3
Stainless Steel Mixing Bowls,http://dummyimage.com/245x100.png/dddddd/000000,29.99,3
DIY Candle Making Kit,http://dummyimage.com/144x100.png/ff4444/ffffff,22.99,3
Automatic Pet Feeder,http://dummyimage.com/197x100.png/ff4444/ffffff,69.99,4
Induction Cooktop,http://dummyimage.com/201x100.png/5fa2dd/ffffff,89.99,4
Handheld Garment Steamer,http://dummyimage.com/168x100.png/dddddd/000000,34.99,3
Sweet Chili Dipping Sauce,http://dummyimage.com/105x100.png/5fa2dd/ffffff,2.99,4
Maple Syrup,http://dummyimage.com/140x100.png/5fa2dd/ffffff,6.99,1
Cheddar Cheese Slices,http://dummyimage.com/153x100.png/cc0000/ffffff,3.49,4
Sour Cream,http://dummyimage.com/242x100.png/cc0000/ffffff,3.49,1
Italian Marinara Sauce,http://dummyimage.com/182x100.png/ff4444/ffffff,3.29,3
Kale Chips,http://dummyimage.com/250x100.png/ff4444/ffffff,3.99,3
Field Journal,http://dummyimage.com/180x100.png/cc0000/ffffff,14.99,3
Linen Trousers,http://dummyimage.com/209x100.png/dddddd/000000,44.99,1
Chipotle Lime Salsa,http://dummyimage.com/161x100.png/5fa2dd/ffffff,3.99,1
Wire Shelving Unit,http://dummyimage.com/107x100.png/dddddd/000000,69.99,4
Orange Ginger Vinaigrette,http://dummyimage.com/193x100.png/dddddd/000000,3.99,4
Electric Can Opener,http://dummyimage.com/237x100.png/ff4444/ffffff,29.99,1
Apple Pie Filling,http://dummyimage.com/115x100.png/dddddd/000000,3.49,3
Rechargeable Laptop Battery Pack,http://dummyimage.com/104x100.png/ff4444/ffffff,49.99,3
Maple Bacon Potato Chips,http://dummyimage.com/187x100.png/5fa2dd/ffffff,2.89,4
Saffron Rice Mix,http://dummyimage.com/119x100.png/5fa2dd/ffffff,2.99,4
Balsamic Vinegar,http://dummyimage.com/152x100.png/cc0000/ffffff,4.99,1
Spiralizer,http://dummyimage.com/222x100.png/dddddd/000000,22.99,3
Electric Kettle,http://dummyimage.com/189x100.png/dddddd/000000,39.99,1
Drone,http://dummyimage.com/145x100.png/ff4444/ffffff,249.99,3
Honey Sesame Cashews,http://dummyimage.com/170x100.png/ff4444/ffffff,4.49,1
Basil Tomato Soup,http://dummyimage.com/210x100.png/ff4444/ffffff,2.99,1
Essential Oil Diffuser,http://dummyimage.com/188x100.png/cc0000/ffffff,34.99,1
Portable Electric Fan,http://dummyimage.com/242x100.png/ff4444/ffffff,24.99,4
Sriracha Honey Glaze,http://dummyimage.com/181x100.png/cc0000/ffffff,3.59,1
Traditional Hummus,http://dummyimage.com/108x100.png/dddddd/000000,3.29,3
Kids' Activity Book,http://dummyimage.com/133x100.png/5fa2dd/ffffff,14.99,3
Eco-Friendly Beeswax Wraps,http://dummyimage.com/204x100.png/5fa2dd/ffffff,14.99,1
Carrot Ginger Soup,http://dummyimage.com/165x100.png/ff4444/ffffff,4.29,1
Pet Grooming Glove,http://dummyimage.com/235x100.png/dddddd/000000,12.99,4
Honey Mustard Chicken Breasts,http://dummyimage.com/191x100.png/dddddd/000000,8.99,1
Flavored Popcorn Mix,http://dummyimage.com/179x100.png/ff4444/ffffff,2.99,1
Wild Rice & Quinoa Mix,http://dummyimage.com/229x100.png/dddddd/000000,2.99,4
Adjustable Height Standing Desk Converter,http://dummyimage.com/165x100.png/cc0000/ffffff,89.99,1
Luxury Rolling Makeup Case,http://dummyimage.com/232x100.png/cc0000/ffffff,99.99,3
Microfiber Cleaning Cloths,http://dummyimage.com/120x100.png/cc0000/ffffff,9.99,1
First Aid Kit,http://dummyimage.com/166x100.png/ff4444/ffffff,29.99,3
Mesh Laundry Bags Set,http://dummyimage.com/204x100.png/cc0000/ffffff,12.99,1
Garden Vegetable Soup,http://dummyimage.com/177x100.png/5fa2dd/ffffff,3.29,3
Baking Powder,http://dummyimage.com/203x100.png/cc0000/ffffff,1.79,4
Kids' Crafting Station,http://dummyimage.com/215x100.png/cc0000/ffffff,49.99,1
Travel Eye Mask with Ear Plugs,http://dummyimage.com/171x100.png/cc0000/ffffff,15.99,3
Creamy Avocado Dip,http://dummyimage.com/102x100.png/5fa2dd/ffffff,3.49,1
Fridge Magnet Set,http://dummyimage.com/102x100.png/dddddd/000000,15.99,3
Pet Caress Brush,http://dummyimage.com/181x100.png/5fa2dd/ffffff,12.99,4
Adjustable Window Blind,http://dummyimage.com/144x100.png/dddddd/000000,49.99,1
Chili Beans (canned),http://dummyimage.com/107x100.png/5fa2dd/ffffff,1.69,1
Honey Sesame Cashews,http://dummyimage.com/148x100.png/5fa2dd/ffffff,4.49,3
Smart Thermostat,http://dummyimage.com/249x100.png/dddddd/000000,149.99,4
Buffalo Cauliflower Bites,http://dummyimage.com/184x100.png/ff4444/ffffff,6.29,3
Digital Wireless Camera,http://dummyimage.com/201x100.png/ff4444/ffffff,199.99,4
Mediterranean Chickpea Bowl,http://dummyimage.com/185x100.png/cc0000/ffffff,6.49,4
Pet Safety Belt for Car,http://dummyimage.com/144x100.png/ff4444/ffffff,14.99,1
Sesame Seeds,http://dummyimage.com/148x100.png/cc0000/ffffff,1.99,1
Peanut Butter Filled Pretzels,http://dummyimage.com/110x100.png/cc0000/ffffff,3.99,4
Caraway Rye Bread,http://dummyimage.com/243x100.png/cc0000/ffffff,4.79,4
Electric Bike,http://dummyimage.com/167x100.png/ff4444/ffffff,899.99,1
Adjustable Window Blind,http://dummyimage.com/168x100.png/5fa2dd/ffffff,49.99,3
Digital Food Thermometer,http://dummyimage.com/182x100.png/dddddd/000000,19.99,4
Smart Water Bottle,http://dummyimage.com/162x100.png/ff4444/ffffff,39.99,1
Aged White Cheddar Popcorn,http://dummyimage.com/228x100.png/ff4444/ffffff,2.99,1
LED Christmas Lights,http://dummyimage.com/127x100.png/ff4444/ffffff,29.99,4
Poppy Seed Dressing,http://dummyimage.com/181x100.png/dddddd/000000,3.49,4
Handheld Garment Steamer,http://dummyimage.com/151x100.png/ff4444/ffffff,34.99,3
Mini Hand Gesture Drone,http://dummyimage.com/245x100.png/5fa2dd/ffffff,29.99,3
Spicy BBQ Sauce,http://dummyimage.com/114x100.png/dddddd/000000,3.99,3
Over-The-Door Shoe Organizer,http://dummyimage.com/150x100.png/ff4444/ffffff,25.99,3
Training Soccer Ball,http://dummyimage.com/245x100.png/cc0000/ffffff,19.99,1
Smoky BBQ Jackfruit,http://dummyimage.com/236x100.png/dddddd/000000,4.99,3
Graphic Tee,http://dummyimage.com/145x100.png/ff4444/ffffff,19.99,3
Brownie Bites,http://dummyimage.com/132x100.png/ff4444/ffffff,4.99,3
Balsamic Fig Dressing,http://dummyimage.com/150x100.png/ff4444/ffffff,3.79,4
Garlic Naan Bread,http://dummyimage.com/226x100.png/dddddd/000000,3.99,4
Marinara Parmesan Baked Ziti,http://dummyimage.com/156x100.png/ff4444/ffffff,8.49,1
Spicy Kimchi,http://dummyimage.com/210x100.png/5fa2dd/ffffff,4.79,1
Blackberry Jam,http://dummyimage.com/188x100.png/ff4444/ffffff,4.29,4
Portable Massage Table,http://dummyimage.com/218x100.png/dddddd/000000,199.99,3
Multi-Function Meat Tenderizer,http://dummyimage.com/136x100.png/ff4444/ffffff,19.99,4
Honey Mustard Pretzel Bites,http://dummyimage.com/246x100.png/cc0000/ffffff,3.99,3
Eggs (dozen),http://dummyimage.com/116x100.png/dddddd/000000,2.99,4
Potato Wedge Seasoning,http://dummyimage.com/148x100.png/5fa2dd/ffffff,2.49,4
Stainless Steel Water Pitcher,http://dummyimage.com/237x100.png/ff4444/ffffff,39.99,3
Set of Decorative Storage Bins,http://dummyimage.com/108x100.png/ff4444/ffffff,34.99,1
Instant Pot,http://dummyimage.com/129x100.png/cc0000/ffffff,89.99,3
Electric Screwdriver,http://dummyimage.com/246x100.png/cc0000/ffffff,59.99,4
Buttermilk Pancakes,http://dummyimage.com/245x100.png/cc0000/ffffff,3.99,4
Over-the-Door Shoe Organizer,http://dummyimage.com/132x100.png/ff4444/ffffff,22.99,4
Portable Massage Table,http://dummyimage.com/249x100.png/ff4444/ffffff,199.99,1
Lemonade Mix,http://dummyimage.com/176x100.png/dddddd/000000,1.99,4
Sesame Oil,http://dummyimage.com/113x100.png/5fa2dd/ffffff,3.99,1
Caramel Sauce,http://dummyimage.com/133x100.png/cc0000/ffffff,3.49,1
High-Quality Yoga Mat,http://dummyimage.com/149x100.png/5fa2dd/ffffff,34.99,3
Spicy Hummus,http://dummyimage.com/208x100.png/dddddd/000000,3.49,1
Pumpkin Pie Spice,http://dummyimage.com/237x100.png/5fa2dd/ffffff,2.99,1
Children's Educational Puzzle,http://dummyimage.com/175x100.png/cc0000/ffffff,19.99,4
Baked Mac and Cheese,http://dummyimage.com/117x100.png/ff4444/ffffff,5.99,1
Glass Tea Pot,http://dummyimage.com/158x100.png/ff4444/ffffff,34.99,3
Camera Tripod,http://dummyimage.com/241x100.png/ff4444/ffffff,49.99,4
Trendy Bomber Jacket,http://dummyimage.com/114x100.png/cc0000/ffffff,69.99,4
Almond Joy Snack Bars,http://dummyimage.com/115x100.png/dddddd/000000,2.99,1
Thai Basil Fried Rice,http://dummyimage.com/166x100.png/dddddd/000000,5.99,1
Multifunctional Baby Bottle Warmer,http://dummyimage.com/128x100.png/5fa2dd/ffffff,39.99,1
Set of Silicone Cooking Utensils,http://dummyimage.com/243x100.png/ff4444/ffffff,29.99,1
Honey Roasted Peanuts,http://dummyimage.com/152x100.png/ff4444/ffffff,3.19,4
Lemon Dill Chicken Skewers,http://dummyimage.com/215x100.png/ff4444/ffffff,9.99,1
Stainless Steel Travel Mug,http://dummyimage.com/167x100.png/ff4444/ffffff,19.99,3
Chocolate Chip Cookie Mix,http://dummyimage.com/103x100.png/ff4444/ffffff,2.49,3
Instant Camera,http://dummyimage.com/111x100.png/5fa2dd/ffffff,89.99,1
Organic Whole Grain Oats,http://dummyimage.com/114x100.png/5fa2dd/ffffff,2.49,4
Coconut Granola,http://dummyimage.com/206x100.png/cc0000/ffffff,4.19,3
Glass Water Bottle,http://dummyimage.com/150x100.png/5fa2dd/ffffff,25.99,4
Organic Coconut Flour,http://dummyimage.com/202x100.png/ff4444/ffffff,5.49,4
Car Sunshade,http://dummyimage.com/123x100.png/ff4444/ffffff,19.99,1
Cauliflower Pizza Crust,http://dummyimage.com/151x100.png/cc0000/ffffff,5.99,3
Wireless Mouse,http://dummyimage.com/215x100.png/cc0000/ffffff,25.99,4
Digital Kitchen Timer,http://dummyimage.com/245x100.png/dddddd/000000,14.99,4
Bluetooth Sleep Headphones,http://dummyimage.com/239x100.png/ff4444/ffffff,29.99,4
Insulated Cooler,http://dummyimage.com/225x100.png/dddddd/000000,39.99,4
Measuring Cups Set,http://dummyimage.com/159x100.png/dddddd/000000,19.99,3
Grilled Veggie Burgers,http://dummyimage.com/187x100.png/ff4444/ffffff,6.29,3
Roasted Garlic Butter,http://dummyimage.com/172x100.png/ff4444/ffffff,3.29,3
Californian Raisins,http://dummyimage.com/212x100.png/5fa2dd/ffffff,3.19,4
Bamboo Toothbrush Holder,http://dummyimage.com/204x100.png/5fa2dd/ffffff,14.99,4
Spaghetti Sauce,http://dummyimage.com/108x100.png/dddddd/000000,2.99,1
Personal Safety Alarm,http://dummyimage.com/102x100.png/cc0000/ffffff,12.99,3
Gluten-Free Pancake Mix,http://dummyimage.com/155x100.png/ff4444/ffffff,5.99,1
Cream Cheese,http://dummyimage.com/189x100.png/ff4444/ffffff,2.69,4
Chic Jumpsuit,http://dummyimage.com/199x100.png/dddddd/000000,89.99,1
Zesty Cilantro Lime Dressing,http://dummyimage.com/228x100.png/ff4444/ffffff,3.29,1
Ethically-Sourced Coffee Beans,http://dummyimage.com/175x100.png/ff4444/ffffff,9.99,4
Pear and Gorgonzola Salad,http://dummyimage.com/222x100.png/cc0000/ffffff,5.49,1
Beach Cover-Up,http://dummyimage.com/183x100.png/cc0000/ffffff,29.99,1
LED Flashlight,http://dummyimage.com/197x100.png/cc0000/ffffff,19.99,4
Fleece Throw Blanket,http://dummyimage.com/163x100.png/dddddd/000000,29.99,3
Wooden Kitchen Utensil Set,http://dummyimage.com/218x100.png/dddddd/000000,19.99,4
Collapsible Storage Crates,http://dummyimage.com/133x100.png/ff4444/ffffff,18.99,4
Graphic Tee,http://dummyimage.com/249x100.png/ff4444/ffffff,19.99,1
Fishing Tackle Box,http://dummyimage.com/159x100.png/5fa2dd/ffffff,24.99,4
Pet Hair Removal Roller,http://dummyimage.com/208x100.png/ff4444/ffffff,10.99,1
Reusable Coffee Filter,http://dummyimage.com/168x100.png/5fa2dd/ffffff,10.99,4
Ramen Noodles,http://dummyimage.com/158x100.png/cc0000/ffffff,0.99,3
Slim Fit Chinos,http://dummyimage.com/237x100.png/ff4444/ffffff,54.99,4
Garam Masala Spice Blend,http://dummyimage.com/181x100.png/cc0000/ffffff,2.79,4
Multi-Function Smartphone Holder,http://dummyimage.com/189x100.png/dddddd/000000,12.99,3
Sesame Garlic Stir-Fry Sauce,http://dummyimage.com/196x100.png/5fa2dd/ffffff,2.79,3
Kale Caesar Salad Kit,http://dummyimage.com/233x100.png/cc0000/ffffff,5.99,3
Chickpea Salad,http://dummyimage.com/135x100.png/ff4444/ffffff,5.49,1
Fleece Throw Blanket,http://dummyimage.com/112x100.png/dddddd/000000,29.99,1
Teriyaki Chicken Skewers,http://dummyimage.com/104x100.png/5fa2dd/ffffff,8.99,3
Garden Tool Set,http://dummyimage.com/127x100.png/cc0000/ffffff,34.99,1
Coffee Maker,http://dummyimage.com/240x100.png/ff4444/ffffff,89.99,3
Smoked Paprika,http://dummyimage.com/198x100.png/cc0000/ffffff,2.99,1
Window Blinds,http://dummyimage.com/160x100.png/ff4444/ffffff,59.99,1
Chickpeas,http://dummyimage.com/144x100.png/dddddd/000000,1.29,3
Electric Hot Pot,http://dummyimage.com/107x100.png/dddddd/000000,49.99,3
Ice Cube Tray with Lid,http://dummyimage.com/104x100.png/ff4444/ffffff,10.99,1
Honey Mustard Sauce,http://dummyimage.com/216x100.png/cc0000/ffffff,3.29,1
Frozen Fruit Medley,http://dummyimage.com/212x100.png/5fa2dd/ffffff,5.99,3
Peanut Butter,http://dummyimage.com/141x100.png/cc0000/ffffff,3.79,3
Fitness Resistance Bands,http://dummyimage.com/167x100.png/5fa2dd/ffffff,29.99,4
Hand Crank Blender,http://dummyimage.com/116x100.png/dddddd/000000,18.99,3
Banana Peanut Butter Smoothie,http://dummyimage.com/200x100.png/ff4444/ffffff,5.49,4
Pineapple Chunks (canned),http://dummyimage.com/177x100.png/ff4444/ffffff,2.29,3
Floral Summer Dress,http://dummyimage.com/129x100.png/cc0000/ffffff,39.99,1
Peanut Butter Protein Balls,http://dummyimage.com/163x100.png/5fa2dd/ffffff,5.29,1
Adjustable Pet Grooming Table,http://dummyimage.com/122x100.png/dddddd/000000,109.99,1
Olive Oil,http://dummyimage.com/189x100.png/5fa2dd/ffffff,7.99,1
USB-C Hub,http://dummyimage.com/124x100.png/dddddd/000000,39.99,4
Greek Yogurt,http://dummyimage.com/171x100.png/dddddd/000000,1.99,1
Self-Watering Planters,http://dummyimage.com/161x100.png/cc0000/ffffff,49.99,1
Thai Red Curry Paste,http://dummyimage.com/234x100.png/ff4444/ffffff,3.99,4
Travel Luggage Scale,http://dummyimage.com/135x100.png/ff4444/ffffff,14.99,4
DIY Organic Gardening Kit,http://dummyimage.com/241x100.png/dddddd/000000,39.99,1
Pumpkin Ice Cream,http://dummyimage.com/184x100.png/ff4444/ffffff,4.99,1
Karaoke Microphone,http://dummyimage.com/225x100.png/ff4444/ffffff,39.99,1
Fleece Hoodie,http://dummyimage.com/224x100.png/cc0000/ffffff,39.99,1
Foam Building Blocks for Kids,http://dummyimage.com/239x100.png/ff4444/ffffff,22.99,3
Vegetarian Chili,http://dummyimage.com/180x100.png/cc0000/ffffff,3.99,1
Creamy Garlic Dressing,http://dummyimage.com/125x100.png/dddddd/000000,3.99,4
Noise-Canceling Earbuds,http://dummyimage.com/102x100.png/dddddd/000000,79.99,4
Mini Pretzels,http://dummyimage.com/134x100.png/dddddd/000000,2.99,1
Honey Mustard Chicken Breasts,http://dummyimage.com/214x100.png/cc0000/ffffff,8.99,1
Sourdough Bread,http://dummyimage.com/174x100.png/ff4444/ffffff,4.99,3
Vegetable and Cheese Quesadillas,http://dummyimage.com/198x100.png/5fa2dd/ffffff,6.99,3
Kale Salad Kit,http://dummyimage.com/203x100.png/5fa2dd/ffffff,4.99,3
Pet Reflective Vest,http://dummyimage.com/136x100.png/5fa2dd/ffffff,18.99,1
Rainbow Veggie Chips,http://dummyimage.com/186x100.png/dddddd/000000,3.29,4
Whipped Cream Cheese,http://dummyimage.com/155x100.png/dddddd/000000,2.99,1